venue_id,name,city,url,status,image_found,description_found,reason
4928faea-bf7e-4529-947b-969190adee59,V Theater at Planet Hollywood Inside the Miracle Mile Mall,Las Vegas,https://www.ticketmaster.com/v-theater-at-planet-hollywood-inside-tickets-las-vegas/venue/189381,miss,false,false,"aggregator page, no usable image"
eb8ac781-a3cc-486e-966c-35e07e3b056a,Westgate Las Vegas Resort & Casino,Las Vegas,https://www.ticketmaster.com/westgate-las-vegas-resort-casino-tickets-las-vegas/venue/188945,miss,false,false,"aggregator page, no usable image"
47279487-72d7-4c82-883f-7b53aeabaf0a,Harrah's Showroom at Harrah's Las Vegas,Las Vegas,https://www.ticketmaster.com/harrahs-showroom-at-harrahs-las-vegas-tickets-las-vegas/venue/467856,miss,false,false,"aggregator page, no usable image"
339d8a64-25ea-47b7-9a90-1d9d02ffb64b,The Tank,New York,https://thetanknyc.org/,hit,true,true,
687069cd-0098-4289-8c13-72cfd039445b,Eddie's Attic,Atlanta,https://www.ticketmaster.com/eddies-attic-tickets-decatur/venue/115812,miss,false,false,"aggregator page, no usable image"
66af8bbc-5c50-4151-a2b3-5ecb41aff1e8,Red Rocks Amphitheatre,Denver,,miss,false,false,no website url
f2e4327f-32f4-45ed-aef1-8815e8d5ece0,White Oak Music Hall - Upstairs,Houston,https://www.ticketmaster.com/white-oak-music-hall-upstairs-tickets-houston/venue/476313,miss,false,false,"aggregator page, no usable image"
e47691fc-577f-438f-b5b0-eb80a1709c9e,Jazz Showcase,Chicago,https://www.jazzshowcase.com,hit,true,true,
1f44e6d0-7a74-4dde-8f6c-5953881fc8db,Belly Up,San Diego,https://www.ticketweb.com/venue/belly-up-solana-beach-ca/432305,hit,true,false,aggregator: image only
74e0f0b7-537f-47b9-9ed7-367358c28a2f,Jabbawockeez Theater at MGM Grand Hotel & Casino,Las Vegas,https://www.ticketmaster.com/jabbawockeez-theater-at-mgm-grand-hotel-tickets-las-vegas/venue/376924,miss,false,false,"aggregator page, no usable image"
1f7509f4-f4c4-492d-98bb-8c23f1004dcf,Thunderland Showroom at Excalibur,Las Vegas,https://www.ticketmaster.com/thunderland-showroom-at-excalibur-tickets-las-vegas/venue/376949,miss,false,false,"aggregator page, no usable image"
58689767-9311-4b16-93b0-8a345dbdda80,Harvelle's Santa Monica,Los Angeles,https://santamonica.harvelles.com,hit,true,false,
820c0701-b3ae-497d-9064-c48b907d6d8a,Cole's Bar,Chicago,https://colesbarchicago.com,hit,true,false,
89ed3cbb-58ea-4527-bd54-f0c9b4d880bb,Martyrs',Chicago,https://martyrslive.com,miss,false,false,no usable og/meta tags
09d5fd23-9cb0-42b6-bf9a-97c4ec76c879,Madison Square Garden,New York,https://www.ticketmaster.com/madison-square-garden-tickets-new-york/venue/483329,miss,false,false,"aggregator page, no usable image"
4710f5e2-e220-4312-88e0-5387fc18d68f,9:30 CLUB,Washington,https://www.ticketmaster.com/930-club-tickets-washington/venue/172098,miss,false,false,"aggregator page, no usable image"
be56e6e9-a62b-459c-aad0-df8ea3da2983,Sphere,Las Vegas,https://www.ticketmaster.com/sphere-tickets-las-vegas/venue/189524,miss,false,false,"aggregator page, no usable image"
89299718-1e69-4628-8c57-2be013845630,The Masquerade - Heaven,Atlanta,https://www.ticketmaster.com/the-masquerade-heaven-tickets-atlanta/venue/114734,miss,false,false,"aggregator page, no usable image"
b9811c83-e89a-42da-87cb-d94589bcbcaf,Flop House Comedy,New York,https://www.flophousecomedy.com/calendar,miss,false,false,og:image failed validation
cfa2f85a-a33e-40fa-9823-362e00d0ded6,The Independent,San Francisco,https://www.ticketweb.com/venue/the-independent-san-francisco-ca/16302,hit,true,false,aggregator: image only
7ac3a37e-386e-49c9-a44d-99a1ed7abe13,South Point Showroom at South Point Hotel Casino and Spa,Las Vegas,https://www.ticketmaster.com/south-point-showroom-at-south-point-tickets-las-vegas/venue/189411,miss,false,false,"aggregator page, no usable image"
e73a1493-a49c-475a-bd8a-859038ad90b6,House of Blues Anaheim,Los Angeles,https://www.ticketmaster.com/house-of-blues-anaheim-tickets-anaheim/venue/74096,miss,false,false,"aggregator page, no usable image"
61e7f7ed-69a7-463c-8726-714bf516b4ad,Crescent Ballroom,Phoenix,https://www.ticketweb.com/venue/crescent-ballroom-phoenix-az/448015,hit,true,false,aggregator: image only
ae39a05a-1d7a-46c3-bfed-c6d8a63a688d,Ball Arena,Denver,https://www.ticketmaster.com/ball-arena-tickets-denver/venue/246112,miss,false,false,"aggregator page, no usable image"
25d19202-850a-43f3-bfff-c2e85e75b54e,Esther's Follies,Austin,https://www.esthersfollies.com/,hit,true,true,
c02206d9-3109-4897-ab34-f15ccd591d86,Music Box,San Diego,https://www.ticketweb.com/venue/music-box-san-diego-ca/420435,hit,true,false,aggregator: image only
ed42dd90-5262-406b-a093-c80455cfe4e2,La Rumba,Denver,https://www.ticketweb.com/venue/la-rumba-denver-co/496325,hit,true,false,aggregator: image only
2a3d39fd-ae65-4dae-8cd9-eb53a8cf5432,Kingston Mines - Chicago Blues Center,Chicago,https://www.ticketweb.com/venue/kingston-mines--chicago-blues-center-chicago-il/18842,hit,true,false,aggregator: image only
efa26ab2-aee9-4013-85d2-fa1b1edaa2bb,Birchmere,Washington,https://www.ticketmaster.com/birchmere-tickets-alexandria/venue/172043,miss,false,false,"aggregator page, no usable image"
cfaec206-b58f-48e1-b570-8182ce7a2d12,Garcia's Chicago,Chicago,https://www.ticketmaster.com/garcias-chicago-tickets-chicago/venue/33278,miss,false,false,"aggregator page, no usable image"
e591c50c-1849-4e13-b1e7-e1ccf30c5af8,Brighton Music Hall presented by Citizens,Boston,https://www.ticketmaster.com/brighton-music-hall-presented-by-citizens-tickets-boston/venue/9089,miss,false,false,"aggregator page, no usable image"
8f228fc8-2da2-4a8b-96a1-34e3a587b703,Voodoo Room at the House of Blues San Diego,San Diego,https://www.ticketmaster.com/voodoo-room-at-the-house-of-tickets-san-diego/venue/82846,miss,false,false,"aggregator page, no usable image"
b7a1ca3f-698e-42a7-a058-447d05a8f4d2,Ludlow Garage Cincinnati,Cincinnati,https://www.ticketmaster.com/ludlow-garage-cincinnati-tickets-cincinnati/venue/181027,miss,false,false,"aggregator page, no usable image"
61f7e335-8e88-44d2-a49c-a8a2e460600b,House of Blues Houston,Houston,https://www.ticketmaster.com/house-of-blues-houston-tickets-houston/venue/475902,miss,false,false,"aggregator page, no usable image"
da90b303-55f1-41da-8fed-02b26525ea7b,The Foundry,Philadelphia,https://www.ticketmaster.com/the-foundry-tickets-philadelphia/venue/17019,miss,false,false,"aggregator page, no usable image"
146cf07b-6f5d-4367-aa4a-5c14736ae5c1,Marquis,Denver,https://www.ticketmaster.com/marquis-tickets-denver/venue/246629,miss,false,false,"aggregator page, no usable image"
cdf46e4b-53a0-4239-9c52-c8e9d2b5f062,Brick and Mortar Music Hall,San Francisco,https://www.ticketweb.com/venue/brick-and-mortar-music-hall-san-francisco-ca/216294,hit,true,false,aggregator: image only
5cfd7978-3c0d-4c32-bd72-ecb8559a8374,PH Live at Planet Hollywood,Las Vegas,https://www.ticketmaster.com/ph-live-at-planet-hollywood-tickets-las-vegas/venue/467893,miss,false,false,"aggregator page, no usable image"
6a16fd28-bf96-41f0-be20-1307f0513138,Irving Plaza Powered By Verizon 5G,New York,https://www.ticketmaster.com/irving-plaza-powered-by-verizon-5g-tickets-new-york/venue/47,miss,false,false,"aggregator page, no usable image"
27027622-d7cf-42ed-a9fc-1bc54715aea3,Vinyl,Atlanta,https://www.ticketmaster.com/vinyl-tickets-atlanta/venue/115314,miss,false,false,"aggregator page, no usable image"
6b71bcc7-6e7e-4415-8dcc-426f9a113cb3,The Observatory,Los Angeles,https://www.ticketmaster.com/the-observatory-tickets-santa-ana/venue/73867,miss,false,false,"aggregator page, no usable image"
f2868b20-df5d-490f-8921-c4b2de24a821,Belly Up Tavern,San Diego,,miss,false,false,no website url
defbfe6c-4d2a-45cb-8221-3b2e001effcc,Fontainebleau Las Vegas,Las Vegas,https://www.ticketmaster.com/fontainebleau-las-vegas-tickets-las-vegas/venue/189546,miss,false,false,"aggregator page, no usable image"
5544f9c3-c6e5-4fc9-b67f-30e0cdb839bf,Catalina Jazz Club,Los Angeles,https://www.ticketweb.com/venue/catalina-jazz-club-hollywood-ca/19513,hit,true,false,aggregator: image only
1c31b719-d857-4dc8-bb70-126f0b9175c4,House of Blues Las Vegas,Las Vegas,https://www.ticketmaster.com/house-of-blues-las-vegas-tickets-las-vegas/venue/188737,miss,false,false,"aggregator page, no usable image"
b7dea1e6-ce8e-4f01-af56-ebe9f3e8449c,Conduit,Orlando,https://www.ticketweb.com/venue/conduit-winter-park-fl/26038,hit,true,false,aggregator: image only
8ea792a7-930e-4eda-956d-aa6784c96d9b,Hollywood Bowl,Los Angeles,,miss,false,false,no website url
a49cccea-549b-4d81-96b3-9939eb3b0f1d,Constellation Room,Los Angeles,https://www.ticketmaster.com/constellation-room-tickets-santa-ana/venue/74683,miss,false,false,"aggregator page, no usable image"
0c74df01-bff9-4021-8aaf-2c768aabff73,The Anthem,Washington,https://www.ticketmaster.com/the-anthem-tickets-washington/venue/172624,miss,false,false,"aggregator page, no usable image"
049aec47-c20b-4c77-869c-6fa1135cc92d,Ruby's Elixir,Tampa,https://rubyselixirdtsp.com,miss,false,false,fetch failed
f189e3d5-00a6-4dfb-b717-7a4fc36dfd6a,Uncommon Ground,Chicago,https://uncommonground.com,hit,true,true,
9d7c3a1e-8b1b-444b-9e00-dddc951f7a3d,The Crocodile,Seattle,https://www.ticketweb.com/venue/the-crocodile-seattle-wa/10352,hit,true,false,aggregator: image only
d2dbb29c-3791-427a-8267-a3e0f0afcc27,House of Blues Chicago,Chicago,https://www.ticketmaster.com/house-of-blues-chicago-tickets-chicago/venue/32905,miss,false,false,"aggregator page, no usable image"
a65af609-4945-4d97-9b70-c45790b58313,Reggies Rock Club,Chicago,https://www.ticketmaster.com/reggies-rock-club-tickets-chicago/venue/339102,miss,false,false,"aggregator page, no usable image"
c87cff91-ddde-44b3-8e6f-e056c2f1a7ab,The Pavilion at Toyota Music Factory,Dallas,https://www.ticketmaster.com/the-pavilion-at-toyota-music-factory-tickets-irving/venue/99303,miss,false,false,"aggregator page, no usable image"
96b9f5b4-c3e2-4ff0-8e55-808f2b42a892,Antone's Nightclub,Austin,https://www.ticketmaster.com/antones-nightclub-tickets-austin/venue/476138,miss,false,false,"aggregator page, no usable image"
da51a604-35e2-43be-bf6d-763dd5907962,Penn & Teller Theater at Rio Las Vegas,Las Vegas,https://www.ticketmaster.com/penn-teller-theater-at-rio-las-tickets-las-vegas/venue/467106,miss,false,false,"aggregator page, no usable image"
5bd5f6b4-79ed-47e0-96e7-c032b88cf5b4,The Colosseum at Caesars Palace,Las Vegas,https://www.ticketmaster.com/the-colosseum-at-caesars-palace-tickets-las-vegas/venue/467930,miss,false,false,"aggregator page, no usable image"
a54e14e1-9d2d-4e0e-9701-084bade4af58,Hollywood Palladium,Los Angeles,https://www.ticketmaster.com/hollywood-palladium-tickets-hollywood/venue/73794,miss,false,false,"aggregator page, no usable image"
3339db8b-5375-45c7-b8c4-0c241de0e3d1,Arizona Financial Theatre,Phoenix,https://www.ticketmaster.com/arizona-financial-theatre-tickets-phoenix/venue/204807,miss,false,false,"aggregator page, no usable image"
15b8b80e-a96d-4aa8-bd35-21ffc93b6b8a,The Copa Room at Tuscany Suites,Las Vegas,https://www.ticketmaster.com/the-copa-room-at-tuscany-suites-tickets-las-vegas/venue/467926,miss,false,false,"aggregator page, no usable image"
7cbf46c3-96db-4a4e-9eed-d414cc6b5b09,The Fillmore Silver Spring,Washington,https://www.ticketmaster.com/the-fillmore-silver-spring-tickets-silver-spring/venue/172548,miss,false,false,"aggregator page, no usable image"
6f758c0c-0bbe-4795-92d3-748102fafcf1,Saint Andrew's Hall,Detroit,https://www.ticketmaster.com/saint-andrews-hall-tickets-detroit/venue/65585,miss,false,false,"aggregator page, no usable image"
b1c61322-18b9-42f1-96a2-7871cdc1d1db,Summit Music Hall,Denver,https://www.ticketmaster.com/summit-music-hall-tickets-denver/venue/246789,miss,false,false,"aggregator page, no usable image"
2238fccb-ed9f-451e-9d6f-bf94b669c00d,Paper Tiger,San Antonio,,miss,false,false,no website url
d4029477-b89b-4809-a4c7-b85a5a32ad70,The Rooftop at Pier 17,New York,,miss,false,false,no website url
29597a85-0af5-4b53-80d6-a799cf74d975,Wolf Trap Filene Center,Washington,,miss,false,false,no website url
5ad337d6-6ffe-4064-966a-3ca5afbcfe9d,Marquee Theatre,Phoenix,https://www.ticketmaster.com/marquee-theatre-tickets-tempe/venue/204932,miss,false,false,"aggregator page, no usable image"
f1de7878-2b80-4cf4-9247-c49e2b2e3afd,Paradise Rock Club presented by Citizens,Boston,https://www.ticketmaster.com/paradise-rock-club-presented-by-citizens-tickets-boston/venue/8227,miss,false,false,"aggregator page, no usable image"
0e84cb27-ff80-4e55-9116-d0baadc126ef,The Fillmore Philadelphia,Philadelphia,https://www.ticketmaster.com/the-fillmore-philadelphia-tickets-philadelphia/venue/17012,miss,false,false,"aggregator page, no usable image"
2c6fd531-544b-42a7-b884-75e55ad6ac80,The Magic Bag,Detroit,https://www.ticketweb.com/venue/the-magic-bag-ferndale-mi/211805,hit,true,false,aggregator: image only
0bb4e3c4-1a4b-4cb3-bf71-e409769f5f32,Ace of Spades,Sacramento,https://www.ticketmaster.com/ace-of-spades-tickets-sacramento/venue/229953,miss,false,false,"aggregator page, no usable image"
e04d486b-5494-40b6-9fa5-7de6e05158b6,The Southgate House Revival - Revival Room,Cincinnati,https://www.ticketweb.com/venue/the-southgate-house-revival--revival-room-newport-ky/219484,hit,true,false,aggregator: image only
62b5e268-730a-4db4-9370-69af0369f474,McCabe's Guitar Shop,Los Angeles,https://www.mccabes.com,miss,false,false,no usable og/meta tags
b058a45c-6dd5-46bd-b2cb-04241e8db830,The Bronze Peacock at House of Blues Houston,Houston,https://www.ticketmaster.com/the-bronze-peacock-at-house-of-tickets-houston/venue/476142,miss,false,false,"aggregator page, no usable image"
e8766486-6396-40a0-a05c-1e86105053a4,The Showbox,Seattle,,miss,false,false,no website url
914b078f-7938-42f1-8ad2-b115260c9de9,Paramount Theatre,Denver,https://www.ticketmaster.com/paramount-theatre-tickets-denver/venue/245776,miss,false,false,"aggregator page, no usable image"
5e7ba7a5-64c1-4f78-8b71-c758627395d8,Bluebird Theatre,Denver,,miss,false,false,no website url
68b2e8fd-3fe3-4bf3-9234-c428c1968cae,The Bellwether,Los Angeles,https://www.ticketmaster.com/the-bellwether-tickets-los-angeles/venue/74829,miss,false,false,"aggregator page, no usable image"
d06b8c9e-5129-4d7b-a078-d31a080193c2,The Masquerade - Purgatory,Atlanta,https://www.ticketmaster.com/the-masquerade-purgatory-tickets-atlanta/venue/115853,miss,false,false,"aggregator page, no usable image"
9d2a45e2-117b-46da-bc54-5f4fd9fd1b21,Brooklyn Bowl Philadelphia,Philadelphia,https://www.ticketmaster.com/brooklyn-bowl-philadelphia-tickets-philadelphia/venue/17183,miss,false,false,"aggregator page, no usable image"
94e7dab7-24dc-4448-84ea-914a949adbfc,Neptune Theatre,Seattle,https://www.ticketmaster.com/neptune-theatre-tickets-seattle/venue/123797,miss,false,false,"aggregator page, no usable image"
a2111fb1-303a-4c3f-81f4-975e82a1902d,Aztec Theatre,San Antonio,https://www.ticketmaster.com/aztec-theatre-tickets-san-antonio/venue/476096,miss,false,false,"aggregator page, no usable image"
0946aa96-5f52-497c-840e-a4c285ca4aa2,Morton Amphitheater,Kansas City,https://www.ticketmaster.com/morton-amphitheater-tickets-kansas-city/venue/270560,miss,false,false,"aggregator page, no usable image"
377ed8a3-674f-42cf-8f2d-5a9d1a517e11,The Chapel,San Francisco,,miss,false,false,no website url
14ea4d1d-793c-469f-b68f-b07b01ae6fd2,The Cynthia Woods Mitchell Pavilion sponsored by Huntsman,Houston,https://www.ticketmaster.com/the-cynthia-woods-mitchell-pavilion-sponsored-tickets-the-woodlands/venue/475245,miss,false,false,"aggregator page, no usable image"
169b8575-1306-4d88-a9e0-8aec16cf73a5,Big Night Live,Boston,https://www.ticketmaster.com/big-night-live-tickets-boston/venue/9293,miss,false,false,"aggregator page, no usable image"
6e017009-6a59-4997-8192-5b2d1602fd55,The Fillmore,San Francisco,https://www.ticketmaster.com/the-fillmore-tickets-san-francisco/venue/229424,miss,false,false,"aggregator page, no usable image"
a09e0ce4-4139-4666-a882-a840d4e84e2b,The Fillmore Charlotte,Charlotte,https://www.ticketmaster.com/the-fillmore-charlotte-tickets-charlotte/venue/369588,miss,false,false,"aggregator page, no usable image"
ff12e1b6-6bde-4e8b-b52c-1ca0e0afdc2b,Truliant Amphitheater,Charlotte,https://www.ticketmaster.com/truliant-amphitheater-tickets-charlotte/venue/368716,miss,false,false,"aggregator page, no usable image"
07aa7469-56aa-4787-b981-c8c890763852,Moody Center ATX,Austin,https://www.ticketmaster.com/moody-center-atx-tickets-austin/venue/476228,miss,false,false,"aggregator page, no usable image"
43ddf070-769e-4545-b061-be580248f06c,The Southgate House Revival - The Lounge,Cincinnati,https://www.ticketweb.com/venue/the-southgate-house-revival--the-lounge-newport-ky/450755,hit,true,false,aggregator: image only
ab3a4f54-80c0-4f2a-8ed7-d76ad09bf675,Barclays Center,New York,https://www.ticketmaster.com/barclays-center-tickets-brooklyn/venue/393376,miss,false,false,"aggregator page, no usable image"
a71f85d7-396d-4991-9723-ef7acf787371,The Cambridge Room at House Of Blues,Dallas,https://www.ticketmaster.com/the-cambridge-room-at-house-of-tickets-dallas/venue/99288,miss,false,false,"aggregator page, no usable image"
99d1ed8c-de3d-4ff3-b510-8e592c17279c,House of Blues Dallas,Dallas,https://www.ticketmaster.com/house-of-blues-dallas-tickets-dallas/venue/99029,miss,false,false,"aggregator page, no usable image"
d1cf4fa1-09ab-4249-8709-491dcbf8679e,Sonia,Boston,https://www.ticketweb.com/venue/sonia-cambridge-ma/435615,hit,true,false,aggregator: image only
8a299698-a7d6-42e4-8bac-b8cdbe1294ee,Showbox SODO,Seattle,,miss,false,false,no website url
1448acb9-2149-45eb-bd8b-3d6a6b8f2f2a,The Observatory North Park,San Diego,https://www.ticketmaster.com/the-observatory-north-park-tickets-san-diego/venue/90384,miss,false,false,"aggregator page, no usable image"
21cf4e65-9255-4db7-beb7-d08bbbbc6a03,Delmar Hall,St. Louis,https://www.ticketmaster.com/delmar-hall-tickets-saint-louis/venue/50631,miss,false,false,"aggregator page, no usable image"
c529a965-1ddb-41b1-8507-b51c1bc41906,The Factory,St. Louis,https://www.ticketmaster.com/the-factory-tickets-saint-louis/venue/270545,miss,false,false,"aggregator page, no usable image"
f582590e-3b10-43fb-835a-ff42317a4549,The Pageant,St. Louis,https://www.ticketmaster.com/the-pageant-tickets-saint-louis/venue/49766,miss,false,false,"aggregator page, no usable image"
bd011791-312e-4840-a43c-d4a7a6ab565f,Fox Theatre Detroit,Detroit,https://www.ticketmaster.com/fox-theatre-detroit-tickets-detroit/venue/65547,miss,false,false,"aggregator page, no usable image"
e6b04a40-fb7e-4336-a382-4b3ea8aedf98,Club Vinyl,Denver,https://www.ticketweb.com/venue/club-vinyl-denver-co/754564,hit,true,false,aggregator: image only
2a5367ce-6f95-48d8-be09-0ca6dfd7118c,United Center,Chicago,https://www.ticketmaster.com/united-center-tickets-chicago/venue/32882,miss,false,false,"aggregator page, no usable image"
b37641b9-a033-4880-9ea2-7651f667a5ec,Bottom Lounge,Chicago,https://www.ticketweb.com/venue/bottom-lounge-chicago-il/10591,hit,true,false,aggregator: image only
37c7cf47-07be-4d54-8838-c6fbcbf4d3f0,Union Transfer,Philadelphia,,miss,false,false,no website url
4b50b627-839d-4c1d-9a30-156e403f454c,Thunderbird Lounge,Phoenix,https://www.ticketmaster.com/thunderbird-lounge-tickets-phoenix/venue/340373,miss,false,false,"aggregator page, no usable image"
eb3fbe36-a1d9-47b6-99ef-4ada9c43633a,Climate Pledge Arena,Seattle,https://www.ticketmaster.com/climate-pledge-arena-tickets-seattle/venue/123894,miss,false,false,"aggregator page, no usable image"
05bcf2a7-1b63-47e0-b91a-f86012d6ba4d,Mission Ballroom,Denver,,miss,false,false,no website url
d78127ef-ad71-4b81-9621-9933bf7a4987,Gothic Theatre,Denver,,miss,false,false,no website url
1be2c826-479a-4aa8-8eb1-0258ff274d38,Ogden Theatre,Denver,,miss,false,false,no website url
97bea752-a918-42f5-80cc-fe0ebffd711d,Gaslamp Long Beach,Los Angeles,https://www.ticketweb.com/venue/gaslamp-long-beach-long-beach-ca/252754,hit,true,false,aggregator: image only
df733b0a-9752-4286-8251-a82431ab672d,The Fonda Theatre,Los Angeles,,miss,false,false,no website url
5154f73f-12b5-4629-b078-f3900a95d8d6,Ravinia,Chicago,,miss,false,false,no website url
d8017217-90c9-4aeb-a775-e79d7943fbe0,Billy Bob's,Dallas,,miss,false,false,no website url
2ec42998-b5ac-4433-8e55-b9ceff933192,MilkBoy Philadelphia,Philadelphia,,miss,false,false,no website url
9df78481-365c-4305-b993-c1113e134a31,Bogart's,Cincinnati,https://www.ticketmaster.com/bogarts-tickets-cincinnati/venue/180338,miss,false,false,"aggregator page, no usable image"
ebf48598-b082-472e-9ce2-a78a2930ad7f,Aragon Ballroom,Chicago,https://www.ticketmaster.com/aragon-ballroom-tickets-chicago/venue/32771,miss,false,false,"aggregator page, no usable image"
226fb0d4-d0ab-42c9-8606-85df2ee01f7c,Howard Theatre,Washington,https://www.ticketweb.com/venue/howard-theatre-washington-dc/277554,hit,true,false,aggregator: image only
35424f28-954c-4af7-9bad-383e4356aa3f,The Castro Theatre,San Francisco,https://www.ticketmaster.com/the-castro-theatre-tickets-san-francisco/venue/229558,miss,false,false,"aggregator page, no usable image"
af04fc49-4054-44ba-879a-2f556c0a789e,Emo's Austin,Austin,https://www.ticketmaster.com/emos-austin-tickets-austin/venue/476110,miss,false,false,"aggregator page, no usable image"
654bbbe3-71ef-4125-b9ac-e8f2bbab6c94,The Groundlings Theatre,Los Angeles,https://groundlings.com,miss,false,false,no usable og/meta tags
4939296d-3371-400e-9dd0-0781cf44fa5e,Kia Forum,Los Angeles,https://www.ticketmaster.com/kia-forum-tickets-inglewood/venue/73750,miss,false,false,"aggregator page, no usable image"
14a331ef-9030-4c13-a156-e22f1e33b8ca,The Echo Lounge & Music Hall,Dallas,https://www.ticketmaster.com/the-echo-lounge-music-hall-tickets-dallas/venue/99342,miss,false,false,"aggregator page, no usable image"
e1271383-010d-4d05-a444-8a427493c36f,Union Stage,Washington,,miss,false,false,no website url
04a4ac4d-b936-491e-8276-020aa0ed7605,The Fillmore Detroit,Detroit,https://www.ticketmaster.com/the-fillmore-detroit-tickets-detroit/venue/65587,miss,false,false,"aggregator page, no usable image"
158b170b-7387-4072-b418-f65483f48683,Mr Smalls Theatre,Pittsburgh,https://www.ticketweb.com/venue/mr-smalls-theatre-millvale-pa/17933,hit,true,false,aggregator: image only
911a976b-62b6-403e-ae9b-a5f29473ad7b,Riverbend Music Center,Cincinnati,https://www.ticketmaster.com/riverbend-music-center-tickets-cincinnati/venue/180337,miss,false,false,"aggregator page, no usable image"
31398035-4933-4bd4-9d0b-729d1a2ea0de,Starlight Theatre,Kansas City,https://www.ticketmaster.com/starlight-theatre-tickets-kansas-city/venue/49175,miss,false,false,"aggregator page, no usable image"
b962babc-b6cc-4cd0-8ae0-5076f7d97bb0,Andy's Jazz Club,Chicago,https://andysjazzclub.com,hit,true,true,
f9bf3aca-7ee5-4d7c-80ab-baacab21b91a,Hammers Dueling Piano Bar,Kansas City,https://www.hammersduelingpianobar.com/,hit,true,true,
4b1d5b02-7bfc-448d-b8a1-1605acd377be,Forest Hills Stadium,New York,https://www.ticketmaster.com/forest-hills-stadium-tickets-forest-hills/venue/463,miss,false,false,"aggregator page, no usable image"
6358d824-031b-4851-94f1-7d62b883a4ac,Hard Rock Live,Miami,https://www.ticketmaster.com/hard-rock-live-tickets-hollywood/venue/107337,miss,false,false,"aggregator page, no usable image"
5f0b401b-f4f6-4dc5-a3a9-f4b5c56a28a7,Michigan Lottery Amphitheatre at Freedom Hill,Detroit,https://www.ticketmaster.com/michigan-lottery-amphitheatre-at-freedom-hill-tickets-sterling-heights/venue/65757,miss,false,false,"aggregator page, no usable image"
b87ff890-9d2d-4af7-a0b4-d33d1fb22728,Suquamish Clearwater Beach Rock Music & Sports Lounge,Seattle,https://www.ticketmaster.com/suquamish-clearwater-beach-rock-music-sports-tickets-suquamish/venue/123910,miss,false,false,"aggregator page, no usable image"
b78029bf-d8a4-49fd-a1e2-385d019a0cf4,The Sound,San Diego,https://www.ticketmaster.com/the-sound-tickets-del-mar/venue/82851,miss,false,false,"aggregator page, no usable image"
bfa64e04-1008-4fa1-a689-097c8d4cd9de,Fillmore Auditorium (Denver),Denver,https://www.ticketmaster.com/fillmore-auditorium-denver-tickets-denver/venue/246097,miss,false,false,"aggregator page, no usable image"
dd110d55-5f1a-42f2-aa57-109955e4779e,Bob & Barbara's Lounge,Philadelphia,https://www.bobandbarbaras.com,hit,true,false,
40eb11d0-3a7f-4e5c-a0e8-1f33c79da473,Community Beer Co.,Dallas,https://communitybeer.com,hit,true,true,
bae2b3a0-a23d-4fa7-bbde-dbac88eac843,The Belasco,Los Angeles,https://www.ticketmaster.com/the-belasco-tickets-los-angeles/venue/74614,miss,false,false,"aggregator page, no usable image"
531a1b70-ca73-4393-a338-a8672fe4f5fb,Pacific Amphitheatre,Los Angeles,,miss,false,false,no website url
bde6baf6-163b-4569-a841-b86090aa46ea,Greek Theatre-Los Angeles,Los Angeles,,miss,false,false,no website url
78fa9c1a-faa7-402f-b850-1ae723b67b23,Credit Union 1 Amphitheatre,Chicago,https://www.ticketmaster.com/credit-union-1-amphitheatre-tickets-tinley-park/venue/32837,miss,false,false,"aggregator page, no usable image"
b1964ab5-b416-4605-8464-5c1fc2a8ace5,South Side Ballroom,Dallas,https://www.ticketmaster.com/south-side-ballroom-tickets-dallas/venue/99017,miss,false,false,"aggregator page, no usable image"
874c4fe5-1d7a-4ab2-b85b-4e7e000291f7,SILO,Dallas,,miss,false,false,no website url
c2b3fbfd-8243-4fb1-9729-5556c45399e0,713 Music Hall,Houston,https://www.ticketmaster.com/713-music-hall-tickets-houston/venue/476244,miss,false,false,"aggregator page, no usable image"
cd65f368-6839-4b69-aaa1-2f24db54d58e,X Rocks Theater at Horseshoe Las Vegas,Las Vegas,https://www.ticketmaster.com/x-rocks-theater-at-horseshoe-las-tickets-las-vegas/venue/467932,miss,false,false,"aggregator page, no usable image"
df028b22-0cdb-47bb-838e-327b07da8e09,Synovus Bank Amphitheater at Chastain Park,Atlanta,https://www.ticketmaster.com/synovus-bank-amphitheater-at-chastain-park-tickets-atlanta/venue/114766,miss,false,false,"aggregator page, no usable image"
c4b1f671-a575-4789-b5d2-298288fcae55,August Hall,San Francisco,https://www.ticketmaster.com/august-hall-tickets-san-francisco/venue/230021,miss,false,false,"aggregator page, no usable image"
a63eab04-0e73-44c9-aed6-26613423f7c4,The Token Lounge,Detroit,https://www.ticketweb.com/venue/the-token-lounge-westland-mi/235534,hit,true,false,aggregator: image only
575ac1a6-6ff5-4ca7-a55d-a772aaeae44c,Stage AE,Pittsburgh,,miss,false,false,no website url
99b711e8-aabe-4f52-921d-3200aa28efcb,Pearl Concert Theater at Palms Casino Resort,Las Vegas,https://www.ticketmaster.com/pearl-concert-theater-at-palms-casino-tickets-las-vegas/venue/189126,miss,false,false,"aggregator page, no usable image"
335c52d1-f74e-4b1a-89e5-7b2021575d28,Racket NYC,New York,,miss,false,false,no website url
43fb0d61-5f4b-46db-916c-6d0072cecb91,Dos Equis Pavilion,Dallas,https://www.ticketmaster.com/dos-equis-pavilion-tickets-dallas/venue/98330,miss,false,false,"aggregator page, no usable image"
6e599ba8-8650-48cf-9268-7ed3e555313b,Mortgage Matchup Center,Phoenix,https://www.ticketmaster.com/mortgage-matchup-center-tickets-phoenix/venue/205079,miss,false,false,"aggregator page, no usable image"
5a10f917-5df3-4c20-9db2-a0a2a83959c7,The Masquerade  - Altar,Atlanta,https://www.ticketmaster.com/the-masquerade-altar-tickets-atlanta/venue/115907,miss,false,false,"aggregator page, no usable image"
35b5177d-3537-440f-84ab-03a2869f8095,Leader Bank Pavilion,Boston,https://www.ticketmaster.com/leader-bank-pavilion-tickets-boston/venue/8310,miss,false,false,"aggregator page, no usable image"
d34eeab3-29f7-4e20-9fd5-7641c56fb217,Keswick Theatre,Philadelphia,,miss,false,false,no website url
82b57031-4d0a-4f63-8e9c-7a270f8c2a8d,The Rebel Lounge,Phoenix,,miss,false,false,no website url
c5c1080a-5eda-4ea1-82de-0b630ba26453,Talking Stick Resort Amphitheatre,Phoenix,https://www.ticketmaster.com/talking-stick-resort-amphitheatre-tickets-phoenix/venue/204806,miss,false,false,"aggregator page, no usable image"
d60eb0cd-a828-4631-9e83-d89b17436ce1,Hollywood Casino Amphitheater,St. Louis,https://www.ticketmaster.com/hollywood-casino-amphitheater-tickets-maryland-heights/venue/49672,miss,false,false,"aggregator page, no usable image"
2a2a1ea3-33e0-4aa1-8868-c4ce64aa4ead,Roxian Theatre Presented By Citizens,Pittsburgh,https://www.ticketmaster.com/roxian-theatre-presented-by-citizens-tickets-mckees-rocks/venue/181090,miss,false,false,"aggregator page, no usable image"
cde9c40a-5be3-490c-9484-73135ec1f8c0,Kaseya Center,Miami,https://www.ticketmaster.com/kaseya-center-tickets-miami/venue/106601,miss,false,false,"aggregator page, no usable image"
47da4f05-497a-42f6-8d97-b82ac69835e9,Williams Center - Black Box - Rutherford,New York,https://www.ticketweb.com/venue/williams-center--black-box--rutherford-rutherford-nj/673233,hit,true,false,aggregator: image only
d56ae509-61af-4132-9141-559198999189,Troubadour,Los Angeles,,miss,false,false,no website url
f31ed7e6-e91e-49ad-9a2c-b3b742a7d6bd,Pacific Electric,Los Angeles,https://www.ticketmaster.com/pacific-electric-tickets-los-angeles/venue/74763,miss,false,false,"aggregator page, no usable image"
cdf8c742-9c88-45fc-b6bd-d2fe0079724c,Center Stage Theater,Atlanta,https://www.ticketmaster.com/center-stage-theater-tickets-atlanta/venue/114692,miss,false,false,"aggregator page, no usable image"
b77fec28-c0a8-4506-9d36-7c0eae4eb085,Freedom Mortgage Pavilion,Philadelphia,https://www.ticketmaster.com/freedom-mortgage-pavilion-tickets-camden/venue/16465,miss,false,false,"aggregator page, no usable image"
069b230f-359f-4916-a45e-a841808791b7,Showroom at Casino Arizona,Phoenix,https://www.ticketmaster.com/showroom-at-casino-arizona-tickets-scottsdale/venue/204845,miss,false,false,"aggregator page, no usable image"
0e592cd5-35ac-4049-9e19-f1922cbf4d83,Warfield,San Francisco,,miss,false,false,no website url
bf02231c-3a91-4ff4-b374-a61c3ac080e7,Off Broadway,St. Louis,https://www.ticketweb.com/venue/off-broadway-saint-louis-mo/18478,hit,true,false,aggregator: image only
002a54ed-5005-4b77-b452-dfca90a79870,Kia Center,Orlando,https://www.ticketmaster.com/kia-center-tickets-orlando/venue/279548,miss,false,false,"aggregator page, no usable image"
abad2644-d3ae-4ae6-93b4-7168898e32ce,Moda Center,Portland,https://www.ticketmaster.com/moda-center-tickets-portland/venue/123078,miss,false,false,"aggregator page, no usable image"
7845d45d-d3c2-4381-9b5d-c216e43a314b,Bootlegger Italian Bistro,Las Vegas,https://www.bootleggerlasvegas.com/,hit,false,true,
328831c9-b7f2-4f34-afc7-bb63fa98bf82,Coconuts Comedy Club,Tampa,https://www.coconutscomedyclubs.com,hit,true,false,
e4b13194-6573-4726-ac9e-9e5a5889042e,Winter's Jazz Club,Chicago,https://www.wintersjazzclub.com,hit,true,false,
665638d0-5bd4-4929-9f19-75556503cf43,The Fillmore Miami Beach at Jackie Gleason Theater,Miami,https://www.ticketmaster.com/the-fillmore-miami-beach-at-jackie-tickets-miami-beach/venue/107452,miss,false,false,"aggregator page, no usable image"
e98902a3-add1-4d7a-abab-ccf06d602b3a,Nectar Lounge,Seattle,,miss,false,false,no website url
942f6d1e-9051-46c8-931f-1f7553ac0611,The Fillmore Minneapolis presented by Affinity Plus,Minneapolis,https://www.ticketmaster.com/the-fillmore-minneapolis-presented-by-affinity-tickets-minneapolis/venue/50721,miss,false,false,"aggregator page, no usable image"
657a4d35-c787-4ece-9582-5c314014c15a,Toyota Center - TX,Houston,,miss,false,false,no website url
75680724-5ed4-4967-bf54-76530710ddf7,Roadrunner-Boston,Boston,,miss,false,false,no website url
15e80963-3953-4fbd-92d9-abdde0013625,The Met Presented by Highmark,Philadelphia,https://www.ticketmaster.com/the-met-presented-by-highmark-tickets-philadelphia/venue/17098,miss,false,false,"aggregator page, no usable image"
c7ea30c3-48e3-4a37-b16b-a55da5e57e3d,TSDMAAC,Detroit,https://www.ticketweb.com/venue/tsdmaac-detroit-mi/790974,hit,true,false,aggregator: image only
65529aaf-ecea-4ef3-9d4a-0871321c7422,TSDMAAC (Crypt),Detroit,https://www.ticketweb.com/venue/tsdmaac-crypt-detroit-mi/791024,hit,true,false,aggregator: image only
2523b03d-57b7-4a9f-96d7-870bdf43ff3e,Petco Park,San Diego,https://www.ticketmaster.com/petco-park-tickets-san-diego/venue/82561,miss,false,false,"aggregator page, no usable image"
9fce14b8-0059-4b19-9f0b-e63f7c0e514c,MIDFLORIDA Credit Union Amphitheatre at the FL State Fairgrounds,Tampa,https://www.ticketmaster.com/midflorida-credit-union-amphitheatre-at-the-tickets-tampa/venue/107257,miss,false,false,"aggregator page, no usable image"
6066e525-6aa5-45e3-8e3e-f3fc59af964e,Fiddlers Green Amphitheatre,Denver,,miss,false,false,no website url
96aeb91c-c255-4504-9841-7c30d68297ec,Hard Rock Live Orlando,Orlando,https://www.ticketmaster.com/hard-rock-live-orlando-tickets-orlando/venue/278539,miss,false,false,"aggregator page, no usable image"
0fed9520-77d3-4fee-836e-f9dc3537e4ad,Channel 24,Sacramento,https://www.ticketmaster.com/channel-24-tickets-sacramento/venue/230140,miss,false,false,"aggregator page, no usable image"
06ccd5b5-3bfc-4546-bf09-fb86d0510d4b,Dolby Live,Las Vegas,https://www.ticketmaster.com/dolby-live-tickets-las-vegas/venue/376930,miss,false,false,"aggregator page, no usable image"
b2702402-5cd9-4821-a3ad-4e5903f42aee,Iron Horse Bar & Grill (Leawood),Kansas City,https://www.ironhorsegrillbar.com/location/leawood-ks/,hit,true,true,
8c1b8b10-2a51-43e2-b057-9485c49a4f91,Con Alma,Pittsburgh,https://www.conalmapgh.com/,hit,false,true,
589e5dc2-7961-44f1-a96e-74e73d3c116a,Town Hall,New York,https://www.ticketmaster.com/town-hall-tickets-new-york/venue/24622,miss,false,false,"aggregator page, no usable image"
032be206-6167-474a-ac86-d2bd58121543,Austin's Coffee,Orlando,https://austinscoffee.com,miss,false,false,fetch failed
fdaa735c-54b4-41fc-b7d0-5d9775d8d964,YouTube Theater,Los Angeles,https://www.ticketmaster.com/youtube-theater-tickets-inglewood/venue/82835,miss,false,false,"aggregator page, no usable image"
cfccc97e-766a-4028-b3a9-b0f3d235a82b,FITZGERALDS PATIO,Chicago,https://www.ticketweb.com/venue/fitzgeralds-patio-berwyn-il/504025,hit,true,false,aggregator: image only
6e8d4701-e6a5-4b43-abfc-e2eb008c2ea5,Outset,Chicago,https://www.ticketmaster.com/outset-tickets-chicago/venue/33259,miss,false,false,"aggregator page, no usable image"
55e97dcc-cab9-4639-8168-16873c30b153,Ameris Bank Amphitheatre,Atlanta,https://www.ticketmaster.com/ameris-bank-amphitheatre-tickets-alpharetta/venue/115485,miss,false,false,"aggregator page, no usable image"
26dee243-e637-4c69-b041-0532ea4f2b4d,TD Pavilion at Highmark Mann,Philadelphia,https://www.ticketmaster.com/td-pavilion-at-highmark-mann-tickets-philadelphia/venue/16387,miss,false,false,"aggregator page, no usable image"
5b0ba834-2bfb-4be0-8452-767d1aa7d1ea,The Colosseum at Caesars Windsor,Detroit,https://www.ticketmaster.ca/the-colosseum-at-caesars-windsor-tickets-windsor/venue/131710,miss,false,false,no usable og/meta tags
eefb897b-e927-4b13-a64c-49c37f42510f,Paramount Theatre,Seattle,https://www.ticketmaster.com/paramount-theatre-tickets-seattle/venue/122980,miss,false,false,"aggregator page, no usable image"
6d0ae999-a735-4884-9dcf-af2034c6ba7f,Moore Theatre,Seattle,https://www.ticketmaster.com/moore-theatre-tickets-seattle/venue/122968,miss,false,false,"aggregator page, no usable image"
42438101-5ae9-4979-b6de-45c443af6281,Merriweather Post Pavilion,Baltimore,https://www.ticketmaster.com/merriweather-post-pavilion-tickets-columbia/venue/172218,miss,false,false,"aggregator page, no usable image"
7b5faf33-cde1-4ab4-b1bb-8a1feb0ed059,Baltimore Soundstage,Baltimore,https://www.ticketmaster.com/baltimore-soundstage-tickets-baltimore/venue/172575,miss,false,false,"aggregator page, no usable image"
ad2d8a92-6ab5-4895-82e1-0d8eb11ec8e9,Sam's Burger Joint,San Antonio,,miss,false,false,no website url
043af1c9-5ccd-4d3f-a7d2-ddb604c79381,Austin City Limits Live at The Moody Theater,Austin,,miss,false,false,no website url
4d302dbf-896f-4658-8b8d-fbd4550d2981,Goldfield Trading Post - Roseville,Sacramento,,miss,false,false,no website url
c37daac8-3a40-472d-b882-b50ca68ed313,Golden 1 Center,Sacramento,https://www.ticketmaster.com/golden-1-center-tickets-sacramento/venue/229976,miss,false,false,"aggregator page, no usable image"
2ed3a5eb-bd85-43f1-9738-a5c0a31c11e0,The Composers Room,Las Vegas,https://www.ticketmaster.com/the-composers-room-tickets-las-vegas/venue/376971,miss,false,false,"aggregator page, no usable image"
f3bf1838-1135-4718-bc6b-c90f4a7dca06,Bugsy's Cabaret at Flamingo,Las Vegas,https://www.ticketmaster.com/bugsys-cabaret-at-flamingo-tickets-las-vegas/venue/467855,miss,false,false,"aggregator page, no usable image"
28222aa6-62db-4095-8546-b029d93b95ab,recordBar,Kansas City,https://www.ticketmaster.com/recordbar-tickets-kansas-city/venue/50177,miss,false,false,"aggregator page, no usable image"
cbb9d28f-5364-4f78-9b81-76d2c96b61f9,Royale Boston,Boston,,miss,false,false,no website url
a7f84fea-67ce-4ddb-adfb-166c894636fc,American Airlines Center,Dallas,https://www.ticketmaster.com/american-airlines-center-tickets-dallas/venue/98723,miss,false,false,"aggregator page, no usable image"
f52690bb-b431-47fe-806b-b5eae97d1ec6,The Peppermint Club,Los Angeles,https://www.ticketmaster.com/the-peppermint-club-tickets-los-angeles/venue/74696,miss,false,false,"aggregator page, no usable image"
c46f6bc7-94c7-4e31-930f-d39fce0ed0a0,Roxy Theatre-CA,Los Angeles,,miss,false,false,no website url
79436535-8cd5-478a-abaf-43972fd2b9ad,Tannahill's Music Hall & Lounge,Dallas,https://www.ticketmaster.com/tannahills-music-hall-lounge-tickets-fort-worth/venue/99419,miss,false,false,"aggregator page, no usable image"
6c90804b-9fc8-4a5a-871f-a7eed013335b,Tabernacle,Atlanta,https://www.ticketmaster.com/tabernacle-tickets-atlanta/venue/115031,miss,false,false,"aggregator page, no usable image"
2950f5e0-32c7-45cd-8cbb-41be22bbb49f,Underground Arts,Philadelphia,,miss,false,false,no website url
166bdfc8-90d3-4b82-ba8b-d5548c28785b,The Masonic,San Francisco,https://www.ticketmaster.com/the-masonic-tickets-san-francisco/venue/229776,miss,false,false,"aggregator page, no usable image"
189ee5ef-7b45-42ac-9f1e-210fc64e75db,St. Vincent Wine,Washington,https://www.stvincentwine.com,hit,true,true,
cb039fae-6092-4b5d-a79b-7b42db453a01,Stampede,Denver,https://www.ticketweb.com/venue/stampede-aurora-co/496285,hit,true,false,aggregator: image only
d719df66-21ea-4add-9e35-bfb712889611,Uptown Theater,Kansas City,https://www.ticketmaster.com/uptown-theater-tickets-kansas-city/venue/49686,miss,false,false,"aggregator page, no usable image"
d159fe9d-854f-42cd-8637-1edd9da06310,Meow Wolf  Denver Convergence Station,Denver,,miss,false,false,no website url
2a588e63-d4c2-4f7b-a463-1e2c10484544,The Salt Shed Indoors (Shed),Chicago,https://www.ticketmaster.com/the-salt-shed-indoors-shed-tickets-chicago/venue/33244,miss,false,false,"aggregator page, no usable image"
1f2b5a00-d303-421a-a5e4-de4ee8f43a29,The Eastern-GA,Atlanta,,miss,false,false,no website url
28d01ce7-c663-45eb-aedc-e21f135dd3c2,Terminal West,Atlanta,,miss,false,false,no website url
3e21bb69-fdff-4ac4-a852-a916077f13d4,Fox Theater - Oakland,San Francisco,https://www.ticketmaster.com/fox-theater-oakland-tickets-oakland/venue/229846,miss,false,false,"aggregator page, no usable image"
eff94f9c-aad4-4e4d-b390-cc9e15a519fd,Meow Wolf Denver,Denver,https://www.ticketmaster.com/meow-wolf-denver-tickets-denver/venue/247113,miss,false,false,"aggregator page, no usable image"
abd1516d-94f3-415d-ace5-a53e8d034c03,Nevermore Hall,Baltimore,https://www.ticketmaster.com/nevermore-hall-tickets-baltimore/venue/172718,miss,false,false,"aggregator page, no usable image"
d5c45ff0-5da3-4342-a25c-6d0010974a59,Spectrum Center,Charlotte,https://www.ticketmaster.com/spectrum-center-tickets-charlotte/venue/369357,miss,false,false,"aggregator page, no usable image"
770a8f33-a650-4bbf-951e-4bc49b7a011c,Roseland Theater,Portland,,miss,false,false,no website url
b0331e2b-d2b4-4ac9-82a5-e20d333674d9,Moody Amphitheater,Austin,https://www.ticketmaster.com/moody-amphitheater-tickets-austin/venue/476251,miss,false,false,"aggregator page, no usable image"
5c58199a-00c3-4c9a-8952-64af56ea6e9a,The Funhouse at Mr. Smalls,Pittsburgh,https://www.ticketmaster.com/the-funhouse-at-mr-smalls-tickets-millvale/venue/181054,miss,false,false,"aggregator page, no usable image"
a846d2f2-6e72-427b-a980-2399ca092cfb,Voltaire at The Venetian Resort,Las Vegas,https://www.ticketmaster.com/voltaire-at-the-venetian-resort-tickets-las-vegas/venue/189545,miss,false,false,"aggregator page, no usable image"
9a0f7fa0-c295-4ef9-9f08-89d81b1d1a06,Time Nightclub,Los Angeles,https://www.ticketweb.com/venue/time-nightclub-costa-mesa-ca/507665,hit,true,false,aggregator: image only
9e18eebe-9094-4a39-afbc-188f828cbc2b,The Smell,Los Angeles,https://www.thesmell.org,hit,true,false,
c54bc8f7-da4e-4c64-86d6-ce8c0f11eb67,National Comedy Theatre,San Diego,https://nationalcomedy.com,miss,false,false,fetch failed
78e94982-0f96-41b5-a04d-9397eab7b3fd,The Comedy Store,Los Angeles,https://thecomedystore.com,hit,false,true,
77dae4e5-1fe8-4306-98ab-8e90c32ec9af,MetLife Stadium,New York,https://www.ticketmaster.com/metlife-stadium-tickets-east-rutherford/venue/1233,miss,false,false,"aggregator page, no usable image"
e154095e-2064-473c-bd57-f7e50c3946ad,Academy LA,Los Angeles,https://www.ticketweb.com/venue/academy-la-los-angeles-ca/507675,hit,true,false,aggregator: image only
05612a87-cf95-43ca-b6df-5db6e765c385,Evil Olive Elixir Lounge,San Antonio,https://evilolivesa.com,miss,false,false,no usable og/meta tags
ea5a2263-7b82-45cc-906b-0b8da3a5ea80,Crypto.com Arena,Los Angeles,,miss,false,false,no website url
46f55055-ab12-4285-a5db-c344a9ab78cb,SoFi Stadium,Los Angeles,https://www.ticketmaster.com/sofi-stadium-tickets-inglewood/venue/82789,miss,false,false,"aggregator page, no usable image"
944fc1b9-c3c5-4ecb-a1ed-42ec1a806dd2,Joe's on Weed Street,Chicago,https://www.ticketweb.com/venue/joes-on-weed-street-chicago-il/11879,hit,true,false,aggregator: image only
4a0f0df6-dda3-4a11-bb1e-76627f60eca5,AM/FM Dallas,Dallas,,miss,false,false,no website url
09a77723-1514-4846-a83e-6ea1b1b49173,Nile Theater,Phoenix,https://www.ticketmaster.com/nile-theater-tickets-mesa/venue/204958,miss,false,false,"aggregator page, no usable image"
3e210352-24ee-4594-b9c6-1eed1438ed23,South Shore Music Circus,Boston,,miss,false,false,no website url
f56c75d8-34c3-47da-a465-2362f4c563ee,Ardmore Music Hall,Philadelphia,,miss,false,false,no website url
d7724808-7df2-437e-ab7a-6465db6b2fe1,The Aretha Franklin Amphitheatre,Detroit,https://www.ticketmaster.com/the-aretha-franklin-amphitheatre-tickets-detroit/venue/65540,miss,false,false,"aggregator page, no usable image"
37f3b33b-2cd2-4e4b-aeaf-6dbd2f0aecaf,The Hideaway,St. Louis,https://thehideawaystl.com,hit,true,true,
135d2b2f-3196-4ab2-9d18-8186fd7d1371,Chateau Ste Michelle Winery,Seattle,https://www.ticketmaster.com/chateau-ste-michelle-winery-tickets-woodinville/venue/122914,miss,false,false,"aggregator page, no usable image"
a03249a1-8f0b-449c-b893-6613dbe4b3ac,VooDoo at Harrah's Kansas City,Kansas City,https://www.ticketmaster.com/voodoo-at-harrahs-kansas-city-tickets-kansas-city/venue/50166,miss,false,false,"aggregator page, no usable image"
8a8614a9-f996-4fc1-8c3e-41c223f6a91e,Illusions Bar & Theater,Baltimore,https://www.illusionsmagicbar.com,hit,true,true,
ca9a3ee1-aea7-4ef6-9aaf-a6e2d2f6b7ac,Powerhouse Arena,New York,https://www.powerhousearena.com/,hit,false,true,
66b8ab95-dc40-484f-a612-738df839eac5,Prudential Center,New York,https://www.ticketmaster.com/prudential-center-tickets-newark/venue/16847,miss,false,false,"aggregator page, no usable image"
e1bdd43b-b0bc-4a30-9c59-2f7f8899a012,Aisle 5,Atlanta,https://www.ticketmaster.com/aisle-5-tickets-atlanta/venue/115796,miss,false,false,"aggregator page, no usable image"
32c87eb5-b034-46cc-82ba-bd53ce638152,P*Town Bar,Pittsburgh,https://ptownbarpgh.com/,hit,true,true,
060c9fe5-863b-4e53-883e-d8568a2f8080,Texas Trust CU Theatre,Dallas,,miss,false,false,no website url
826268f9-5603-4ae5-a1ee-0b290fcb09f1,The Masonic Lodge at Hollywood Forever,Los Angeles,https://www.ticketweb.com/venue/the-masonic-lodge-at-hollywood-forever-los-angeles-ca/48754,hit,true,false,aggregator: image only
395c4e29-4398-4b38-abab-050d134e5cd3,Charlie Brown's Neighborhood Bar & Grill,San Antonio,https://www.charlie-browns.com,hit,false,true,
0a6cd662-2a8a-4f97-ac17-36bac3ea9f37,Honda Center,Los Angeles,https://www.ticketmaster.com/honda-center-tickets-anaheim/venue/73797,miss,false,false,"aggregator page, no usable image"
51767f53-6cff-4d54-9b15-b90a6be2e071,Riviera Theatre- IL,Chicago,,miss,false,false,no website url
a57ea9f6-902b-49db-9d0e-3c9d71dd802a,Vic Theatre,Chicago,,miss,false,false,no website url
c9f29e6c-712a-4c05-8961-8b7d49a0b181,Cahn Auditorium,Chicago,https://www.ticketmaster.com/cahn-auditorium-tickets-evanston/venue/33248,miss,false,false,"aggregator page, no usable image"
3d34e58d-5d1d-4b1a-a443-ed5dc89fcc9f,Smart Financial Centre at Sugar Land,Houston,,miss,false,false,no website url
a0b32f99-be91-4f74-9b87-c28f6e7d725b,State Farm Arena,Atlanta,https://www.ticketmaster.com/state-farm-arena-tickets-atlanta/venue/114689,miss,false,false,"aggregator page, no usable image"
7178802c-b574-4e01-959c-0aab7b5790e4,Warner Theatre,Washington,https://www.ticketmaster.com/warner-theatre-tickets-washington/venue/172129,miss,false,false,"aggregator page, no usable image"
158e8307-286b-49e9-b9fd-46ee3e6d3ac1,The Regency Ballroom,San Francisco,,miss,false,false,no website url
0fba532a-4f16-46f9-b52d-f86ef1f061f1,Royal Oak Music Theatre,Detroit,,miss,false,false,no website url
0a3a324b-ed04-4105-83f3-866f02bba83e,The Loving Touch,Detroit,https://www.ticketweb.com/venue/the-loving-touch-ferndale-mi/232404,hit,true,false,aggregator: image only
3db60633-72ff-4172-86bf-5f4edca7fc00,North Island Credit Union Amphitheatre,San Diego,https://www.ticketmaster.com/north-island-credit-union-amphitheatre-tickets-chula-vista/venue/82205,miss,false,false,"aggregator page, no usable image"
334557d5-478d-418b-9013-f037488fc0eb,Aladdin Theater,Portland,,miss,false,false,no website url
410a6ca2-d46a-4f7e-8bc0-c34ae46b4e18,Gaspar's Grotto,Tampa,https://gasparsgrotto.com,hit,false,true,
65bb4cfa-c094-47c3-8b62-83d413e19c5e,National Mechanics,Philadelphia,https://www.nationalmechanics.com,hit,true,false,
ea20ea4d-831d-4e18-8f0d-ccbcfbe965ff,Revolution Live,Miami,https://www.ticketmaster.com/revolution-live-tickets-ft-lauderdale/venue/106913,miss,false,false,"aggregator page, no usable image"
9d6c716a-7af8-488c-8efa-e34e0775d3be,Morton Meyerson Symphony Center,Dallas,,miss,false,false,no website url
55c30d65-2083-475c-9c14-b6015ad9a986,New Jersey Performing Arts Center,New York,https://www.ticketmaster.com/new-jersey-performing-arts-center-tickets-newark/venue/308,miss,false,false,"aggregator page, no usable image"
3ca48140-11a0-4d67-bd7c-ba7715a96026,Variety Playhouse,Atlanta,,miss,false,false,no website url
1899c872-3164-4ae0-9e02-94cb7905281b,The Bomb Factory,Dallas,,miss,false,false,no website url
ac9c8c54-ebac-4cd0-80d0-844a5fde9f28,The Novo by Microsoft,Los Angeles,,miss,false,false,no website url
b96756bf-bb55-4157-a005-a46bcf680f9e,Intuit Dome,Los Angeles,https://www.ticketmaster.com/intuit-dome-tickets-inglewood/venue/74834,miss,false,false,"aggregator page, no usable image"
10e4fbc1-e797-4b22-bd41-099e60b50fbc,F&M Bank Amphitheater of Long Beach,Los Angeles,https://www.ticketmaster.com/fm-bank-amphitheater-of-long-beach-tickets-long-beach/venue/90452,miss,false,false,"aggregator page, no usable image"
ac91491e-9174-456e-b565-a01e80d9d68b,The Federal Theatre,Denver,,miss,false,false,no website url
c06eb971-4b17-4ea0-b709-d2c7f888a8b1,Scout Bar - Houston,Houston,,miss,false,false,no website url
f0bc74ea-e010-46f2-989c-11237e681c30,Bayou Music Center,Houston,https://www.ticketmaster.com/bayou-music-center-tickets-houston/venue/475416,miss,false,false,"aggregator page, no usable image"
2916777c-aff9-41f2-a9c8-6fa246b3e555,Atlanta Symphony Hall,Atlanta,https://www.ticketmaster.com/atlanta-symphony-hall-tickets-atlanta/venue/114738,miss,false,false,"aggregator page, no usable image"
2541376f-b2f6-4310-8264-25d90e9e9eaf,The Theater at MGM National Harbor,Washington,https://www.ticketmaster.com/the-theater-at-mgm-national-harbor-tickets-national-harbor/venue/172613,miss,false,false,"aggregator page, no usable image"
65ecdf40-9aeb-415b-ba93-56a7c0cddbc3,Fenway Park,Boston,https://www.ticketmaster.com/fenway-park-tickets-boston/venue/8839,miss,false,false,"aggregator page, no usable image"
ebf9e68d-de2d-4e63-8947-8d136fc48e91,Franklin Music Hall,Philadelphia,,miss,false,false,no website url
7ebe40f6-6ed2-4133-8233-97c79a0fce96,Oakland Arena,San Francisco,https://www.ticketmaster.com/oakland-arena-tickets-oakland/venue/229399,miss,false,false,"aggregator page, no usable image"
117c7c6f-13bf-4d07-acac-10e9caa2fb76,Siesta Valley Bowl,San Francisco,https://www.ticketmaster.com/siesta-valley-bowl-tickets-orinda/venue/230174,miss,false,false,"aggregator page, no usable image"
a9279bb8-655e-4f48-a58e-2de33864906d,Little Caesars Arena,Detroit,https://www.ticketmaster.com/little-caesars-arena-tickets-detroit/venue/66238,miss,false,false,"aggregator page, no usable image"
8062be25-d577-4512-b6bb-744e0e24d106,SOMA - Mainstage,San Diego,https://www.ticketweb.com/venue/soma--mainstage-san-diego-ca/434115,hit,true,false,aggregator: image only
0d7fc04d-d7a8-4a97-8ecd-0661a97f06ea,The Magnolia,San Diego,https://www.ticketmaster.com/the-magnolia-tickets-el-cajon/venue/90381,miss,false,false,"aggregator page, no usable image"
89f22439-2c0c-4c4c-8b61-68f8334491f3,Cal Coast Credit Union Open Air Theatre at SDSU,San Diego,https://www.ticketmaster.com/cal-coast-credit-union-open-air-tickets-san-diego/venue/81968,miss,false,false,"aggregator page, no usable image"
9b0b4a50-82f0-41a8-b903-ea5bed6a6db9,SOMA - Sidestage,San Diego,https://www.ticketweb.com/venue/soma--sidestage-san-diego-ca/434165,hit,true,false,aggregator: image only
f98044cb-a0cf-461f-b462-759777fe0c59,Casbah-San Diego,San Diego,,miss,false,false,no website url
c7576c39-c420-40c8-88da-eca4a921d4bc,Lost City Brewing,Miami,https://www.lostcitybrewing.com,miss,false,false,no usable og/meta tags
ca35eef1-6289-40e0-b8e6-64247b9a1b5e,New World Music Hall,Tampa,https://www.ticketweb.com/venue/new-world-music-hall-tampa-fl/581568,hit,true,false,aggregator: image only
fbfa9817-76ba-4f7b-9242-d45887a77a38,The BayCare Sound,Tampa,,miss,false,false,no website url
386c5141-1549-491e-aae4-cc7be777a258,Pop's Concert Venue,St. Louis,https://www.ticketweb.com/venue/pops-concert-venue-sauget-il/229734,hit,true,false,aggregator: image only
dcbfd978-df08-4d89-87a1-e4a98da186e5,Saint Louis Music Park,St. Louis,https://www.ticketmaster.com/saint-louis-music-park-tickets-maryland-heights/venue/50732,miss,false,false,"aggregator page, no usable image"
329c713a-1f0c-4dc6-84c8-a32425cbd153,The Pavilion at Star Lake,Pittsburgh,https://www.ticketmaster.com/the-pavilion-at-star-lake-tickets-burgettstown/venue/180232,miss,false,false,"aggregator page, no usable image"
85e9fc74-7ce2-4d7d-ab0d-158370934006,Taft Theatre,Cincinnati,https://www.ticketmaster.com/taft-theatre-tickets-cincinnati/venue/180341,miss,false,false,"aggregator page, no usable image"
62fbdcdd-3912-40d1-8788-6cf7081235ce,Encore at Uptown Theater,Kansas City,https://www.ticketmaster.com/encore-at-uptown-theater-tickets-kansas-city/venue/50629,miss,false,false,"aggregator page, no usable image"
2edd1229-5ef3-42b5-bb08-6e34c12c2670,Mattie Groves Brewery,Sacramento,https://mattiegrovesbrewery.com/,miss,false,false,fetch failed
4aadcb13-634b-4a9e-9da4-d2faf730a554,Celebrity Theatre,Phoenix,,miss,false,false,no website url
4c7c1c06-8f59-49d3-a396-4daccd2a0b08,Exchange LA,Los Angeles,https://www.ticketweb.com/venue/exchange-la-los-angeles-ca/507685,hit,true,false,aggregator: image only
d4cdd47d-9586-42a7-aa4e-763c16c17ead,Wonder Ballroom,Portland,,miss,false,false,no website url
7b057ad5-27ef-4420-bcb3-0459d2116303,Orpheum Theatre,Los Angeles,https://www.ticketmaster.com/orpheum-theatre-tickets-los-angeles/venue/73785,miss,false,false,"aggregator page, no usable image"
92dae0f4-1fc8-4585-a714-f1fcd36fb08d,Allstate Arena,Chicago,https://www.ticketmaster.com/allstate-arena-tickets-rosemont/venue/32958,miss,false,false,"aggregator page, no usable image"
1144eb0a-fa87-482e-bc69-cefe9ff3d564,The Chicago Theatre,Chicago,https://www.ticketmaster.com/the-chicago-theatre-tickets-chicago/venue/57522,miss,false,false,"aggregator page, no usable image"
e7219a9f-6435-4dd5-b5c9-6a0e09c937c0,North Theatre at North Shore Center for the Performing Arts,Chicago,https://www.ticketmaster.com/north-theatre-at-north-shore-center-tickets-skokie/venue/57383,miss,false,false,"aggregator page, no usable image"
79a45430-9322-4c58-94ef-c30755f38c76,Gila River Resorts & Casinos - Wild Horse Pass,Phoenix,https://www.ticketmaster.com/gila-river-resorts-casinos-wild-horse-tickets-chandler/venue/204898,miss,false,false,"aggregator page, no usable image"
e676565b-94c3-4f55-bdfe-74b922545df7,Arena Theatre,Houston,https://www.ticketmaster.com/arena-theatre-tickets-houston/venue/475308,miss,false,false,"aggregator page, no usable image"
80e18550-a055-4409-b9c1-49747bfc8aae,Lincoln Theatre,Washington,https://www.ticketmaster.com/lincoln-theatre-tickets-washington/venue/172087,miss,false,false,"aggregator page, no usable image"
41d166d9-8bd4-443f-b893-012f7e02a28c,Bill Graham Civic Auditorium,San Francisco,https://www.ticketmaster.com/bill-graham-civic-auditorium-tickets-san-francisco/venue/229433,miss,false,false,"aggregator page, no usable image"
86528377-71e1-4059-b3c0-72f338c36d7c,Golden Gate Park,San Francisco,,miss,false,false,no website url
43b360ba-bcf4-4445-a2df-f0e9e569ad10,Small's,Detroit,https://www.ticketweb.com/venue/smalls-hamtramck-mi/18756,hit,true,false,aggregator: image only
8ee62b0f-dffc-4298-8555-c15d97901e66,Zilker Park,Austin,,miss,false,false,no website url
93c9a0c6-7fdf-4ab6-8a82-f68f4cdbbc31,White River Amphitheatre,Seattle,https://www.ticketmaster.com/white-river-amphitheatre-tickets-auburn/venue/123493,miss,false,false,"aggregator page, no usable image"
f026b58c-3da6-4894-9e85-99e4ebacb119,The Church Nightclub,Denver,https://www.ticketweb.com/venue/the-church-nightclub-denver-co/754574,hit,true,false,aggregator: image only
4419af3f-85df-4e88-b90e-25ea09cf0e30,Cervantes Masterpiece Ballroom,Denver,,miss,false,false,no website url
ab7cb50f-112e-4176-af31-fb9945e63494,Frost Bank Center,San Antonio,https://www.ticketmaster.com/frost-bank-center-tickets-san-antonio/venue/475590,miss,false,false,"aggregator page, no usable image"
9fdb5ff0-fe3d-45f0-b3d1-4149d3cc7d07,Germania Insurance Amphitheater,Austin,https://www.ticketmaster.com/germania-insurance-amphitheater-tickets-austin/venue/476047,miss,false,false,"aggregator page, no usable image"
9a5bb1f1-0743-49d2-be93-a1c5b41e3eca,Tarpon River Brewing,Miami,https://tarponriverbrewing.com,miss,false,false,no usable og/meta tags
3d3b499f-9fc1-4413-8428-3ba824ba29f3,Encore Theater at Wynn Las Vegas,Las Vegas,https://www.ticketmaster.com/encore-theater-at-wynn-las-vegas-tickets-las-vegas/venue/189062,miss,false,false,"aggregator page, no usable image"
189b063e-1356-4bcc-a7c1-b2cccd76373f,The Andrew J Brady Music Center,Cincinnati,https://www.ticketmaster.com/the-andrew-j-brady-music-center-tickets-cincinnati/venue/181165,miss,false,false,"aggregator page, no usable image"
e0d27044-b80e-4672-bf65-3a4e892b4a54,Bookclub,Chicago,https://bookclubchi.com,hit,false,true,
b5cff173-1e81-4efb-b3b8-7fae0dc9bbce,Palladium Times Square,New York,https://www.ticketmaster.com/palladium-times-square-tickets-new-york-city/venue/1387,miss,false,false,"aggregator page, no usable image"
f9765f45-35f5-4744-af18-4483b84ae37a,The Studio at the Bomb Factory,Dallas,,miss,false,false,no website url
f4cc158b-b8d3-4be3-a6ef-3c5d4f3c468f,WAMU Theater,Seattle,https://www.ticketmaster.com/wamu-theater-tickets-seattle/venue/123666,miss,false,false,"aggregator page, no usable image"
93aff602-19fd-4729-ac66-7e7cf8e5bb14,The Abbey,Orlando,https://www.ticketweb.com/venue/the-abbey-orlando-fl/598968,hit,true,false,aggregator: image only
226552f3-47de-468b-b5cc-6bb1894a65e2,Toyota Arena,Los Angeles,https://www.ticketmaster.com/toyota-arena-tickets-ontario/venue/74479,miss,false,false,"aggregator page, no usable image"
735154f0-4db2-49fa-baa7-797472828d7e,Joe's Live Rosemont,Chicago,https://www.ticketweb.com/venue/joes-live-rosemont-rosemont-il/431375,hit,true,false,aggregator: image only
48d4724a-74e4-4fb0-b21c-88bef1ecea5a,Rosemont Theatre,Chicago,https://www.ticketmaster.com/rosemont-theatre-tickets-rosemont/venue/32892,miss,false,false,"aggregator page, no usable image"
c4442bd5-bea6-440a-814a-7886b774851f,Chase Center,San Francisco,https://www.ticketmaster.com/chase-center-tickets-san-francisco/venue/230012,miss,false,false,"aggregator page, no usable image"
db6c39aa-aeaf-4f13-b93f-f48efa07f16e,Bimbo's 365 Club,San Francisco,https://www.ticketweb.com/venue/bimbos-365-club-san-francisco-ca/10052,hit,true,false,aggregator: image only
1ecfa736-0df6-465c-88ee-a22b383604f6,Majestic Theatre-MI,Detroit,,miss,false,false,no website url
2b367a50-4c2e-4a1c-b245-76af2c0e521c,Nova SD,San Diego,https://www.ticketweb.com/venue/nova-sd-san-diego-ca/507235,hit,true,false,aggregator: image only
c8300570-01c5-43a9-8621-09e22579f851,Boettcher Hall,Denver,,miss,false,false,no website url
86dac73f-0c63-4bb2-8cef-4a46ffc008c3,The Hawthorn,St. Louis,https://www.ticketweb.com/venue/the-hawthorn-st-louis-mo/516155,hit,true,false,aggregator: image only
d928ef06-6c91-4000-b29b-f9c1467515f0,Ovens Auditorium,Charlotte,https://www.ticketmaster.com/ovens-auditorium-tickets-charlotte/venue/368656,miss,false,false,"aggregator page, no usable image"
01e309a2-7c2a-4463-b5df-74604aa1f39e,Revolution Hall - Portland,Portland,,miss,false,false,no website url
dac804b2-558f-4bb9-bab6-57535ee6efdc,McMenamins Crystal Ballroom,Portland,,miss,false,false,no website url
6d615c14-b280-4e49-a3e1-61205d9e97c2,Stubb's Waller Creek Amphitheater,Austin,https://www.ticketmaster.com/stubbs-waller-creek-amphitheater-tickets-austin/venue/476218,miss,false,false,"aggregator page, no usable image"
15173fc2-7ecc-439d-94fa-eff0b0c85ce6,Encore Beach Club,Las Vegas,,miss,false,false,no website url
fb8ff5e0-2520-49bb-8b60-0274b5483703,Madison Live (734),Cincinnati,https://www.ticketweb.com/venue/madison-live-734-covington--ky/653963,hit,true,false,aggregator: image only
3c8a040c-b5b0-4cfe-8b8b-fa05cb5f544c,The Lonesome Rose,San Antonio,https://www.thelonesomerose.com,miss,false,false,no usable og/meta tags
bf237a33-afa5-42d9-aa93-ec76586babba,ComedySportz Houston,Houston,https://www.comedysportzhouston.com/,hit,true,true,
f7163b91-ff21-496e-a0d2-14e2ebbfac38,Last Exit Live,Phoenix,,miss,false,false,no website url
4d0bc2c2-0ff8-461e-bd69-70da6802faf1,Sandaga 813,Dallas,https://sandaga813.com,hit,true,false,
46598ddb-7aca-48e9-b4a3-426892c30a38,Desert Diamond Arena,Phoenix,https://www.ticketmaster.com/desert-diamond-arena-tickets-glendale/venue/204917,miss,false,false,"aggregator page, no usable image"
5cd6941f-c3e1-441c-bfb2-036d27ce05f0,The Biergarten at Old World HB,Los Angeles,https://www.ticketmaster.com/the-biergarten-at-old-world-hb-tickets-huntington-beach/venue/74822,miss,false,false,"aggregator page, no usable image"
83c30502-0c9d-4d51-a1cb-657297e83bf4,Pier Six Pavilion,Baltimore,https://www.ticketmaster.com/pier-six-pavilion-tickets-baltimore/venue/172104,miss,false,false,"aggregator page, no usable image"
f494dee6-055a-4f99-bc83-d04346d5dcdb,Picks Bar,San Antonio,https://www.picksbar.com,hit,true,false,
77977c20-a04e-4163-bf34-3b8c45905f82,The Martini Club,San Antonio,https://www.themartiniclubsa.com,miss,false,false,no usable og/meta tags
99eb3f6d-0ce9-49f4-b354-6a563e819ffd,Tiny's Hi-Dive,Los Angeles,https://tinyshidive.com,hit,false,true,
bdbcc578-d523-4d0c-a6ea-f416c1f851e6,Capital One Arena,Washington,https://www.ticketmaster.com/capital-one-arena-tickets-washington/venue/172453,miss,false,false,"aggregator page, no usable image"
3e5b824f-9f0b-4d48-861d-412eb0735531,Xfinity Mobile Arena,Philadelphia,https://www.ticketmaster.com/xfinity-mobile-arena-tickets-philadelphia/venue/393379,miss,false,false,"aggregator page, no usable image"
3cc56967-d861-4b45-946c-f047c66b65a8,Dell Music Center,Philadelphia,https://www.ticketmaster.com/dell-music-center-tickets-philadelphia/venue/16503,miss,false,false,"aggregator page, no usable image"
b640f37e-082a-4857-9738-2781222c4aea,The Midway,San Francisco,,miss,false,false,no website url
d379907e-31a7-4601-81ec-0225fb9778e1,Historic BAL Theatre,San Francisco,https://www.ticketmaster.com/historic-bal-theatre-tickets-san-leandro/venue/229977,miss,false,false,"aggregator page, no usable image"
8f1fd15c-819d-4526-9ac8-29c4247e51ac,Simple Machine Brewing,Phoenix,https://simplemachinebrewing.com,hit,true,true,
c41d429b-aeef-4540-91fd-4ce897572609,Washington State Fair,Seattle,,miss,false,false,no website url
80c84028-ab0a-4bb8-a121-071a46da77fa,Music Box - San Diego,San Diego,,miss,false,false,no website url
55516d1a-f52d-4e1e-9161-026060c7f876,Jannus Live,Tampa,https://www.ticketmaster.com/jannus-live-tickets-st-petersburg/venue/106731,miss,false,false,"aggregator page, no usable image"
c6243d36-1733-42aa-9792-060f969ed881,JUNKYARD,Denver,https://www.ticketmaster.com/junkyard-tickets-denver/venue/247006,miss,false,false,"aggregator page, no usable image"
2ddaecb7-3462-4da0-aa49-dbdf1b5f32ed,West End Trading Company,Orlando,https://www.ticketweb.com/venue/west-end-trading-company-sanford-fl/264134,hit,true,false,aggregator: image only
d5f60f77-48b7-4bc6-ac56-2f7734d43aad,John T Floore Country Store,San Antonio,,miss,false,false,no website url
3e68184f-833e-41ed-9d61-d28dda0e8286,Majestic Theatre San Antonio,San Antonio,,miss,false,false,no website url
363e08f9-f295-457b-927c-c5dd575289c9,McMenamins Historic Edgefield Manor,Portland,,miss,false,false,no website url
eda88cbb-dace-4685-bb90-74b6ff2a653c,Scoot Inn,Austin,https://www.ticketmaster.com/scoot-inn-tickets-austin/venue/476118,miss,false,false,"aggregator page, no usable image"
d40ddbc6-7d6c-4b14-906c-f073f274fe27,Citizens Live at The Wylie,Pittsburgh,https://www.ticketmaster.com/citizens-live-at-the-wylie-tickets-pittsburgh/venue/181242,miss,false,false,"aggregator page, no usable image"
70414817-23ee-4dd6-aeea-39463286e248,Lestat's Coffee House,San Diego,https://www.lestats.com,hit,true,false,
a05cd526-63c6-41fa-9ba3-c439902e5ac0,Fitzgerald's Bar & Live Music Venue,San Antonio,https://fitzrockssa.com,hit,false,true,
ff6646d3-4820-4bb6-bca3-7fb5482f8349,Lonnie's Reno Club,Kansas City,https://www.lonniesrenoclub.com/,miss,false,false,fetch failed
81441716-4215-4bcf-8db3-0661d2c6d169,Sister Louisa's Church of the Living Room and Ping Pong Emporium,Atlanta,https://www.sisterlouisaschurch.com/,hit,false,true,
b0fe4e7a-0acd-45b1-9642-166999b929fd,Resident Culture Brewing (Plaza Midwood),Charlotte,https://residentculturebrewing.com,hit,true,true,
4ac10db9-86b5-4ed5-a870-d9a29cad320b,Johnny's Hideaway,Atlanta,https://www.johnnyshideaway.com/,hit,true,true,
4e37b989-bf6c-431b-8c88-e9f00ddcaa1f,Uncommon Path Brewing,Miami,https://www.uncommonpathbrewing.com,hit,true,true,
aa56cf76-857c-43aa-8a9e-5376294abbd8,Hi-Fi Cincy,Cincinnati,https://hificincy.com/,hit,false,true,
ce2ba90d-17b2-46a2-b522-9bc98dddc4dd,Under the 'K' Bridge Park,New York,,miss,false,false,no website url
cd5d0313-a8ca-4bd4-81e4-8f3fde606709,Avalon Hollywood,Los Angeles,https://www.ticketweb.com/venue/avalon-hollywood-hollywood-ca/12153,hit,true,false,aggregator: image only
e0fa8337-849d-487c-80af-3e23d8d8d365,The Golden Bear,Sacramento,https://www.goldenbear916.com/,hit,false,true,
f3980c77-a2a4-400b-b516-3ae1cd153342,"Scherr Forum- B of A Performing Arts Center, Thousand Oaks",Los Angeles,https://www.ticketmaster.com/scherr-forum-b-of-a-performing-tickets-thousand-oaks/venue/90235,miss,false,false,"aggregator page, no usable image"
5f69b27b-5a82-4f95-8754-2949d652a2fc,Metro,Chicago,,miss,false,false,no website url
910f900b-3bcb-4e58-9077-bbd808cd6642,The Butterscotch Den,Sacramento,https://thebutterscotchden.com/,hit,true,false,
ccff8916-6b6b-463a-912f-a0c77ada8f80,Soldier Field,Chicago,https://www.ticketmaster.com/soldier-field-tickets-chicago/venue/32827,miss,false,false,"aggregator page, no usable image"
e6c39eeb-53cb-4292-8a7c-680c6a686d3c,Midtown Lounge,Sacramento,https://www.midtownloungesac.com/,hit,false,true,
2d25f966-b4e0-48aa-963c-04ba3184a6f2,Fox Theatre Atlanta,Atlanta,https://www.ticketmaster.com/fox-theatre-atlanta-tickets-atlanta/venue/114694,miss,false,false,"aggregator page, no usable image"
90712304-cb35-4a4c-b21c-8b89b71ba4f7,Mable House Barnes Amphitheatre,Atlanta,https://www.ticketmaster.com/mable-house-barnes-amphitheatre-tickets-mableton/venue/115323,miss,false,false,"aggregator page, no usable image"
342ea414-9f0d-40a9-ad49-03984e5d0fd8,Roadmap Brewing Co.,San Antonio,https://www.roadmapbrewing.com/,miss,false,false,no usable og/meta tags
abf937a7-d71c-4ee9-bba6-37f28d298d80,Rickshaw Stop,San Francisco,https://www.ticketmaster.com/rickshaw-stop-tickets-san-francisco/venue/229795,miss,false,false,"aggregator page, no usable image"
1966a7d6-aa9d-4fbe-9725-4991dac73a67,Sound Board at MotorCity Casino Hotel,Detroit,https://www.ticketmaster.com/sound-board-at-motorcity-casino-hotel-tickets-detroit/venue/66095,miss,false,false,"aggregator page, no usable image"
d37ca42a-7b43-430c-b8c0-7fc0dd7a6e6b,Masonic Temple - Detroit,Detroit,,miss,false,false,no website url
a341bb39-bb22-4326-9975-86885b47bfde,Meadow Brook Amphitheatre,Detroit,https://www.ticketmaster.com/meadow-brook-amphitheatre-tickets-rochester-hills/venue/65584,miss,false,false,"aggregator page, no usable image"
fa5e7b18-aa91-4a0b-ae2a-92c9af6d4f4e,Andiamo Celebrity Showroom,Detroit,https://www.ticketmaster.com/andiamo-celebrity-showroom-tickets-warren/venue/66000,miss,false,false,"aggregator page, no usable image"
639036db-964f-441b-9b82-4ea48c24b63a,Soma,San Diego,https://www.ticketmaster.com/soma-tickets-san-diego/venue/82073,miss,false,false,"aggregator page, no usable image"
d35e5198-e852-46ea-813c-e782b89c29a2,Viejas Arena at Aztec Bowl San Diego State University,San Diego,https://www.ticketmaster.com/viejas-arena-at-aztec-bowl-san-tickets-san-diego/venue/82162,miss,false,false,"aggregator page, no usable image"
9a323a66-38f7-4d4a-851d-1faf8d52e93d,The Basement at Club Vinyl,Denver,https://www.ticketweb.com/venue/the-basement-at-club-vinyl-denver-co/685573,hit,true,false,aggregator: image only
210bb5a2-eda2-466a-aa79-7337e6446819,CFG Bank Arena,Baltimore,https://www.ticketmaster.com/cfg-bank-arena-tickets-baltimore/venue/172041,miss,false,false,"aggregator page, no usable image"
15ca82d4-8037-42c6-b8c1-4b097171e3cd,Lil' Indies,Orlando,https://www.ticketweb.com/venue/lil-indies-orlando-fl/494795,hit,true,false,aggregator: image only
23bf8de3-6745-4ffa-ba2c-aee81ec6acd6,Cascades Amphitheater,Portland,https://www.ticketmaster.com/cascades-amphitheater-tickets-ridgefield/venue/123505,miss,false,false,"aggregator page, no usable image"
fc818ab4-8f8d-4b88-ba14-a61b1b03b279,Omnia Las Vegas,Las Vegas,,miss,false,false,no website url
f6ec239f-6b8a-4f4b-81fe-26602b155e7e,T-Mobile Arena,Las Vegas,,miss,false,false,no website url
6d07bd43-e6c3-4429-869f-5e9232a6618e,T-Mobile Center,Kansas City,,miss,false,false,no website url
0b0f0d1d-a975-4afb-9b47-54e8fce1e233,Snug Harbor,Charlotte,https://www.snugrock.com/,miss,false,false,no usable og/meta tags
62b9046d-39d0-461a-96a7-d95c3b72aeda,Fox & Goose Public House,Sacramento,https://foxandgoose.com/,hit,true,true,
03e2cff5-29a5-4127-96a6-ab9de17120c7,Northern Lights Lounge,Detroit,https://northernlightslounge.com,hit,false,true,
2edabbf7-71e2-468e-ad4a-c6e63433ace7,Eastern Market Brewing Co.,Detroit,https://easternmarket.beer,hit,true,false,
bbb25021-34c3-4813-b999-0c7792a70075,Harvard & Stone,Los Angeles,https://harvardandstone.com,miss,false,false,no usable og/meta tags
be573ccc-60db-4d3e-8aae-22ed8bef0f6e,Seminary Co-op Bookstore,Chicago,https://www.semcoop.com,miss,false,false,no usable og/meta tags
a89152a0-2fc4-4040-8a15-135c72ed7c2e,Beverly Arts Center,Chicago,https://thebeverlyartscenter.com,hit,true,true,
1a2cf644-31b0-4ab2-8f10-2d3145c0b9c9,LIV Nightclub Miami,Miami,https://www.ticketweb.com/venue/liv-nightclub-miami-miami-beach-fl/676573,hit,true,false,aggregator: image only
452f170d-3301-48e5-b40f-3bed027da5db,The Wellmont Theater,New York,https://www.ticketmaster.com/the-wellmont-theater-tickets-montclair/venue/16983,miss,false,false,"aggregator page, no usable image"
9552211d-0aca-4648-8af9-a03c01189048,UBS Arena,New York,https://www.ticketmaster.com/ubs-arena-tickets-belmont-park/venue/393369,miss,false,false,"aggregator page, no usable image"
7fe15f70-a3c4-4710-834f-1313de7aac91,The Cabot,Boston,,miss,false,false,no website url
ff1c89f9-6a0d-4362-b3d4-39cff0630e35,Infosys Theater at Madison Square Garden,New York,https://www.ticketmaster.com/infosys-theater-at-madison-square-garden-tickets-new-york/venue/483330,miss,false,false,"aggregator page, no usable image"
9645e269-2ee2-4cf0-ab43-724118542f52,Granada Theater - TX,Dallas,,miss,false,false,no website url
641acc4a-6998-4080-97cd-17227dd4668f,Elsewhere Garden Bar & Kitchen,San Antonio,https://elsewheretexas.com/,hit,true,true,
7e256f31-757d-436c-b821-3c22d8dc4065,The United Theater on Broadway,Los Angeles,,miss,false,false,no website url
3ee959a0-e80a-4dbf-b756-f7abd844e884,James L Knight Center,Miami,https://www.ticketmaster.com/james-l-knight-center-tickets-miami/venue/106742,miss,false,false,"aggregator page, no usable image"
e3d5e465-5689-4e4f-a4ff-7f6b00b26a9c,AT&T Stadium,Dallas,https://www.ticketmaster.com/att-stadium-tickets-arlington/venue/99096,miss,false,false,"aggregator page, no usable image"
77dc8f3f-a0dd-48b1-aacf-32a1388c70f5,George Van Dusen Theatre at North Shore Center,Chicago,https://www.ticketmaster.com/george-van-dusen-theatre-at-north-tickets-skokie/venue/57523,miss,false,false,"aggregator page, no usable image"
9d9d4325-eb2b-4947-b17e-232f79e60f72,Wells Hall at The Parker,Miami,https://www.ticketmaster.com/wells-hall-at-the-parker-tickets-ft-lauderdale/venue/106828,miss,false,false,"aggregator page, no usable image"
f3b8a6af-389b-4a57-b96b-7d241458f804,Gilde Brewery,Charlotte,https://gilde1546.com/,hit,true,true,
669b6cf5-97bc-415e-bbd3-ba4e452ec399,Warehouse Live Midtown,Houston,,miss,false,false,no website url
21c883e3-b20a-4b1d-8bbd-4d24b6d4572b,Casa Manana,Dallas,,miss,false,false,no website url
bb65fe79-646f-472c-be6f-2f0ea3199ac4,2920 Roadhouse,Houston,,miss,false,false,no website url
f78f7ba9-fa33-4626-9040-532546d8f99a,Walter Studios,Phoenix,,miss,false,false,no website url
1018e45b-95d4-498f-82fc-42472663b237,Lynn Auditorium,Boston,https://www.ticketmaster.com/lynn-auditorium-tickets-lynn/venue/8969,miss,false,false,"aggregator page, no usable image"
fcb7c01c-7157-4e7a-b8ae-8bebe499eac3,Emerald Theatre,Detroit,https://www.ticketweb.com/venue/emerald-theatre-mount-clemens-mi/12090,hit,true,false,aggregator: image only
b93cc8fe-79ce-4756-98e2-082320e7594f,Marymoor Live - Presented By Toyota,Seattle,https://www.ticketmaster.com/marymoor-live-presented-by-toyota-tickets-redmond/venue/123155,miss,false,false,"aggregator page, no usable image"
58606db2-1215-4825-a4ab-40ba3ef6efad,Airport Tavern,Seattle,,miss,false,false,no website url
1bdf6a31-9432-4a9c-af87-e16f366fc2eb,Pechanga Arena San Diego,San Diego,,miss,false,false,no website url
58881449-0345-4daa-aaed-2a6fd64af576,Atomic Pavilion,St. Louis,https://www.ticketweb.com/venue/atomic-pavilion-st-louis-mo/437105,hit,true,false,aggregator: image only
1606985b-a446-4b49-9c63-788005ea625a,Enterprise Center,St. Louis,https://www.ticketmaster.com/enterprise-center-tickets-saint-louis/venue/49678,miss,false,false,"aggregator page, no usable image"
61b31cf9-f2b0-4183-8758-13bd2a3c2307,PPG Paints Arena,Pittsburgh,https://www.ticketmaster.com/ppg-paints-arena-tickets-pittsburgh/venue/180938,miss,false,false,"aggregator page, no usable image"
51b7982a-daea-48ef-b47a-96d4fb339eff,The Cosmopolitan of Las Vegas,Las Vegas,https://www.ticketmaster.com/the-cosmopolitan-of-las-vegas-tickets-las-vegas/venue/189310,miss,false,false,"aggregator page, no usable image"
3f39045f-57b1-4c2c-abf4-a214b95e1629,The Theatre at Resorts World Las Vegas,Las Vegas,,miss,false,false,no website url
b85d6b67-6136-4193-9d34-73256f12c8c1,Chrome Showroom at Santa Fe Station Hotel & Casino,Las Vegas,https://www.ticketmaster.com/chrome-showroom-at-santa-fe-station-tickets-las-vegas/venue/189296,miss,false,false,"aggregator page, no usable image"
cf10f643-2ad4-4454-b7e6-c6c7d6ab25d3,Warehouse On Broadway,Kansas City,,miss,false,false,no website url
095acdf7-184c-41c4-85df-113364934cde,Grinders KC,Kansas City,https://www.ticketmaster.com/grinders-kc-tickets-kansas-city/venue/50295,miss,false,false,"aggregator page, no usable image"
fb815e98-1d23-47ee-aec8-e25ac9a9736c,Eureka Heights Brew Co,Houston,https://www.eurekaheights.com/,hit,false,true,
09a55b1f-41e8-42ec-b2c1-ba73405edb99,Mastry's Brewing Co.,Tampa,https://mastrysbrewingco.com,hit,true,true,
90928529-25c4-4514-ac81-3a8676750bab,Ministry of Brewing,Baltimore,https://www.ministryofbrewing.com,miss,false,false,no usable og/meta tags
67e5e34e-755d-47fc-b161-8ec2fbb802d3,The Neo-Futurists,Chicago,https://neofuturists.org,hit,true,true,
91b90fec-bade-4c7d-85a7-e775a809b055,Lincoln Avenue Brewery,Pittsburgh,https://lincolnavenuebrewery.com/,miss,false,false,fetch failed
88a87b96-69d4-4e75-829f-d95a2156b7a0,Amaturo Theater at Broward Center,Miami,https://www.ticketmaster.com/amaturo-theater-at-broward-center-tickets-ft-lauderdale/venue/106505,miss,false,false,"aggregator page, no usable image"
8c01bb42-1827-4fb4-9905-e8841d28f61d,La Santa,Los Angeles,https://www.ticketweb.com/venue/la-santa-santa-ana-ca/469735,hit,true,false,aggregator: image only
712d182d-8de0-40f5-bf0b-363cec853256,Churchill's Pub,Miami,https://www.ticketweb.com/venue/churchills-pub--miami-fl/780174,hit,true,false,aggregator: image only
a6f205f3-82b3-468f-85af-039d11d0c1d4,Arlene Schnitzer Concert Hall,Portland,https://www.ticketmaster.com/arlene-schnitzer-concert-hall-tickets-portland/venue/123079,miss,false,false,"aggregator page, no usable image"
f1152d4f-d26c-4ae9-976a-fd1899783c6d,Majestic Theatre Dallas,Dallas,,miss,false,false,no website url
dda1cdbb-445f-4c56-9b54-d8cc3b2f4f84,Shrine Expo Hall,Los Angeles,,miss,false,false,no website url
45379730-937e-41c9-8924-87262fd961f9,Beat Kitchen,Chicago,,miss,false,false,no website url
0b56a0a8-e16b-4ab8-9e28-f382bc64b5bc,Hard Rock Live Northern Indiana,Chicago,https://www.ticketmaster.com/hard-rock-live-northern-indiana-tickets-gary/venue/42289,miss,false,false,"aggregator page, no usable image"
ca32d01f-2f4d-4de5-8106-6cbb7eff772d,Lakewood Amphitheatre,Atlanta,https://www.ticketmaster.com/lakewood-amphitheatre-tickets-atlanta/venue/114696,miss,false,false,"aggregator page, no usable image"
2f41c747-7bab-46dc-a65b-d950c7ff316d,The Goizueta Stage for Youth and Families,Atlanta,https://www.ticketmaster.com/the-goizueta-stage-for-youth-and-tickets-atlanta/venue/115925,miss,false,false,"aggregator page, no usable image"
d9099aeb-d256-47e4-99f6-ce25331c2a99,Lincoln Financial Field,Philadelphia,https://www.ticketmaster.com/lincoln-financial-field-tickets-philadelphia/venue/16752,miss,false,false,"aggregator page, no usable image"
37e512e1-3b3e-48eb-ae8f-3d619a0a2eb0,The Grand (Boston),Boston,https://www.ticketmaster.com/the-grand-boston-tickets-boston/venue/9387,miss,false,false,"aggregator page, no usable image"
0b142f59-70b9-4c1f-8f67-7181f95b0dfd,The UC Theatre,San Francisco,,miss,false,false,no website url
2baf554a-d5d2-4bcf-bdd5-1e7c601b7993,Diamondback Music Hall,Detroit,https://www.ticketweb.com/venue/diamondback-music-hall-belleville-mi/649583,hit,true,false,aggregator: image only
79b29d5e-a4dd-4fe3-8680-0042125eea19,Pike Room @ The Crofoot,Detroit,https://www.ticketweb.com/venue/pike-room--the-crofoot-pontiac-mi/22314,hit,true,false,aggregator: image only
693b217e-8bef-45d7-9c47-8223d52a2855,Benchmark International Arena,Tampa,https://www.ticketmaster.com/benchmark-international-arena-tickets-tampa/venue/106710,miss,false,false,"aggregator page, no usable image"
7e288b60-9b48-46fc-a545-0d4a062b20e7,Grizzly Rose,Denver,https://www.ticketweb.com/venue/grizzly-rose-denver-co/366605,hit,true,false,aggregator: image only
95cc5714-7d24-448b-ab27-59d2a45a73cc,Blackbox Theater - Charlotte,Charlotte,,miss,false,false,no website url
344d6e3d-1da5-4d76-be91-717b9943a613,Alamodome,San Antonio,https://www.ticketmaster.com/alamodome-tickets-san-antonio/venue/475247,miss,false,false,"aggregator page, no usable image"
696c2f50-6407-43f7-9a2b-ebaff08e227f,Hawthorne Theatre,Portland,,miss,false,false,no website url
0c30f97d-f36f-44d0-8466-058cd3309568,Allegiant Stadium,Las Vegas,https://www.ticketmaster.com/allegiant-stadium-tickets-las-vegas/venue/189482,miss,false,false,"aggregator page, no usable image"
27e721cf-fe5a-450f-9474-211fa06865ae,The Showroom at the Golden Nugget,Las Vegas,https://www.ticketmaster.com/the-showroom-at-the-golden-nugget-tickets-las-vegas/venue/189398,miss,false,false,"aggregator page, no usable image"
9f990285-adb8-43e2-b7b6-8266999692e9,24 Oxford,Las Vegas,https://www.ticketmaster.com/24-oxford-tickets-las-vegas/venue/189583,miss,false,false,"aggregator page, no usable image"
e2803638-3a7e-4f42-b896-9f4086e97a23,The Midland Theatre - MO,Kansas City,,miss,false,false,no website url
a1b42f06-f145-476f-b86b-e0a32f9f8535,On Rotation Brewery & Kitchen,Dallas,https://on-rotation.com,hit,true,true,
4abd7488-e885-404a-8125-c4ed4bf7ac1a,Fifth Hammer Brewing,New York,https://www.fifthhammerbrewing.com/,hit,true,true,
b30c966f-4713-4010-88a0-a8a3b06aa87c,Palace Theatre-NY,New York,,miss,false,false,no website url
5e78ec81-26f7-4ba2-92de-b83a0e342ca5,Lincoln's Beard,Miami,https://www.ticketweb.com/venue/lincolns-beard-miami-fl/720173,hit,true,false,aggregator: image only
e1409759-6ec2-42f5-bd71-da712f401a2b,Culture Room,Miami,https://www.ticketmaster.com/culture-room-tickets-ft-lauderdale/venue/106841,miss,false,false,"aggregator page, no usable image"
5121c719-f010-4472-9d64-55d28307ceba,Dream Live at American Dream,New York,https://www.ticketmaster.com/dream-live-at-american-dream-tickets-east-rutherford/venue/237829,miss,false,false,"aggregator page, no usable image"
fdcadfa9-0beb-4642-a6f4-965d75315243,Suquamish Clearwater Resort Lawn,Seattle,https://www.ticketmaster.com/suquamish-clearwater-resort-lawn-tickets-suquamish/venue/123986,miss,false,false,"aggregator page, no usable image"
17783918-ab23-4594-8a61-3c4f0f34d464,Emerald Queen Casino,Seattle,https://www.ticketmaster.com/emerald-queen-casino-tickets-tacoma/venue/123128,miss,false,false,"aggregator page, no usable image"
bf9503eb-de09-4230-8a7b-565341bb1169,MGM Grand Garden Arena,Las Vegas,,miss,false,false,no website url
bec39ab2-f10c-4c13-ba16-fd136fbaf174,The Ford - CA,Los Angeles,,miss,false,false,no website url
139bf376-4ad4-414f-9438-5b1b43b6bc76,Grove of Anaheim,Los Angeles,https://www.ticketmaster.com/grove-of-anaheim-tickets-anaheim/venue/74000,miss,false,false,"aggregator page, no usable image"
22912966-d1e8-42f9-91e0-c18738474f72,"Fred Kavli Theatre- B of A Performing Arts Center,Thousand Oaks",Los Angeles,https://www.ticketmaster.com/fred-kavli-theatre-b-of-a-tickets-thousand-oaks/venue/90196,miss,false,false,"aggregator page, no usable image"
690a52e6-3ebc-46a6-abd9-f02aafb120a0,Dolby Theatre,Los Angeles,https://www.ticketmaster.com/dolby-theatre-tickets-hollywood/venue/74167,miss,false,false,"aggregator page, no usable image"
2e9ff0df-1e67-4705-bc52-db6aeac3da82,Peacock Theater - LA,Los Angeles,,miss,false,false,no website url
247549b6-cec9-4eb2-a8e2-8bb4e8b6df90,Bass Performance Hall,Dallas,,miss,false,false,no website url
8339b9c8-6f4e-48df-b67a-2d9641edabb9,Xcite Center,Philadelphia,,miss,false,false,no website url
c162f5fb-c529-4a64-9852-90e629168319,The Venue at Horseshoe Casino,Chicago,https://www.ticketmaster.com/the-venue-at-horseshoe-casino-tickets-hammond/venue/57749,miss,false,false,"aggregator page, no usable image"
d8004106-1277-4031-afa0-18d29b0c62c3,Cubby Bear,Chicago,https://www.ticketweb.com/venue/cubby-bear-chicago-il/12467,hit,true,false,aggregator: image only
dff703c3-44c4-4262-a859-a743656271cf,Hunter Pavilion,Chicago,,miss,false,false,no website url
7614b8a4-b755-4331-afcf-e70760ff0343,Country Club Hills Amphitheater,Chicago,https://www.ticketmaster.com/country-club-hills-amphitheater-tickets-country-club-hills/venue/32772,miss,false,false,"aggregator page, no usable image"
280fcd8a-921c-487c-831d-edc624d717c9,Cobb Energy Performing Arts Centre,Atlanta,https://www.ticketmaster.com/cobb-energy-performing-arts-centre-tickets-atlanta/venue/115457,miss,false,false,"aggregator page, no usable image"
83c4425a-aa9e-48c4-8af0-54ea0895c6dd,Presence Arena,Atlanta,https://www.ticketmaster.com/presence-arena-tickets-atlanta/venue/263145,miss,false,false,"aggregator page, no usable image"
bb1f8048-4196-4a2d-b906-8fe6b570f837,VyStar Amphitheater At The Bridge,Atlanta,https://www.ticketmaster.com/vystar-amphitheater-at-the-bridge-tickets-stockbridge/venue/115927,miss,false,false,"aggregator page, no usable image"
67e6722a-b2e4-4f3b-a026-08e27521e530,Music Center at Strathmore,Washington,,miss,false,false,no website url
96ac73cd-4bb0-4565-bba4-aaecbf56caf4,Capital One Hall,Washington,https://www.ticketmaster.com/capital-one-hall-tickets-tysons/venue/172677,miss,false,false,"aggregator page, no usable image"
1727b430-e8a5-4705-a857-d7588a170941,Skyline Stage at Highmark Mann,Philadelphia,https://www.ticketmaster.com/skyline-stage-at-highmark-mann-tickets-philadelphia/venue/16954,miss,false,false,"aggregator page, no usable image"
6dbeb716-836a-4814-b65f-a5f02409398a,The 44 Sports Grill and Nightlife,Phoenix,https://www.ticketweb.com/venue/the-44-sports-grill-and-nightlife-glendale-az/551578,hit,true,false,aggregator: image only
87d68d72-d0c6-4b7c-bfd6-c2769519cfa1,Davies Symphony Hall,San Francisco,,miss,false,false,no website url
a41a8d8b-4080-4a3c-8fc2-49e225229994,Yoshi's Oakland,San Francisco,,miss,false,false,no website url
967a18aa-62ef-41d6-a048-0ce2a9bfa642,Paramount Theatre Oakland,San Francisco,https://www.ticketmaster.com/paramount-theatre-oakland-tickets-oakland/venue/229485,miss,false,false,"aggregator page, no usable image"
980b67c0-8082-43cf-9c05-3ef9184dd397,TSDMAAC (Catacombs),Detroit,https://www.ticketweb.com/venue/tsdmaac-catacombs-detroit-mi/790994,hit,true,false,aggregator: image only
42b96080-8798-40e8-a72f-997968fc6ee0,Dune Peninsula,Seattle,,miss,false,false,no website url
f3a3b029-1d4e-4b00-8020-bae169e94a71,Barboza,Seattle,,miss,false,false,no website url
38577db5-8bcd-4bb6-8c85-1deaeddedf0f,Snapdragon Stadium,San Diego,https://www.ticketmaster.com/snapdragon-stadium-tickets-san-diego/venue/82847,miss,false,false,"aggregator page, no usable image"
602e534c-409c-4b2f-93e0-b0a50e55ae99,Yuengling Center,Tampa,https://www.ticketmaster.com/yuengling-center-tickets-tampa/venue/106944,miss,false,false,"aggregator page, no usable image"
606b2b8a-aa79-4bbf-8f23-4300757fa94f,Cervantes Other Side,Denver,,miss,false,false,no website url
2cfce5d2-672b-4057-a2b3-d47064684902,Colorado Railroad Museum,Denver,https://www.ticketweb.com/venue/colorado-railroad-museum-golden-co/15574,hit,true,false,aggregator: image only
68f1994e-b0b1-4b43-a873-404591c26551,Vanguard - Orlando,Orlando,,miss,false,false,no website url
75400258-1594-4938-b073-58fa108f7c9b,Stifel Theatre,St. Louis,https://www.ticketmaster.com/stifel-theatre-tickets-saint-louis/venue/50474,miss,false,false,"aggregator page, no usable image"
bae02829-df0b-4126-9407-74f31dec3a50,Boeing Center at Tech Port,San Antonio,https://www.ticketmaster.com/boeing-center-at-tech-port-tickets-san-antonio/venue/476343,miss,false,false,"aggregator page, no usable image"
29912e13-8554-4db1-ac2f-d27a191524bb,Ilani Cowlitz Ballroom,Portland,https://www.ticketmaster.com/ilani-cowlitz-ballroom-tickets-ridgefield/venue/123895,miss,false,false,"aggregator page, no usable image"
4676e778-2d8c-4d5d-a2a2-aae344edb065,3TEN ACL Live,Austin,,miss,false,false,no website url
4bbd6041-0ced-4db7-b7ae-1e386ed64c3c,Quarry Park Amphitheater,Sacramento,,miss,false,false,no website url
b3665eb5-6256-4271-9372-f837f13bdd83,The Sandbar at Red Rock Casino Resort & Spa,Las Vegas,https://www.ticketmaster.com/the-sandbar-at-red-rock-casino-tickets-las-vegas/venue/189293,miss,false,false,"aggregator page, no usable image"
c0a832da-e79e-4cc7-b997-1ec8a22b98b5,New Helvetia Brewing Co,Sacramento,https://www.newhelvetiabrew.com,hit,true,true,
8c555e81-76c0-4ec7-b85e-bc0a493338de,GMan Tavern,Chicago,https://gmantavern.com,hit,true,true,
f23c56aa-8962-4c21-949e-903cda37e942,Burning Bush Brewery,Chicago,https://www.burningbushbrewery.com,hit,true,false,
9ac51712-8a83-4da8-914d-8d4567a6c9a4,Brewery X,Los Angeles,https://www.brewery-x.com,hit,true,true,
d95e6bad-f19f-4844-b77a-e96a3991a2fc,The Sandbar,Miami,https://www.spotlightoncollins.com,hit,true,true,
1eeb899a-7637-40e1-92de-87dbd5c70ec2,Ritz Theatre,New York,https://www.ticketmaster.com/ritz-theatre-tickets-elizabeth/venue/92,miss,false,false,"aggregator page, no usable image"
90c6344b-6221-4ac9-9739-f04a7ccf867d,Four Corners Brewing Co.,Dallas,https://fcbrewing.com,hit,true,true,
297ff704-bd07-41bd-8709-818ecbdac5aa,Grimm Artisanal Ales,New York,https://grimmales.com/,hit,true,true,
ef71d6ed-7a6b-46e7-965f-791525f6fa70,West Side Brewing,Cincinnati,https://westsidebrewing.com/,miss,false,false,fetch failed
fe4f9e24-2b0a-4b6f-92af-878041934275,Pasadena Livestock Show and Rodeo,Houston,,miss,false,false,no website url
016745c2-ef81-4c3d-bed7-4ca6b75b247d,Hard Rock Cafe,New York,https://www.ticketmaster.com/hard-rock-cafe-tickets-new-york/venue/234,miss,false,false,"aggregator page, no usable image"
ad6a0db0-8f6f-41fc-adb7-1557d1ac22af,Bryan Street Tavern,Dallas,https://www.bryanstreettavern.com,hit,true,true,
4e36d126-f6f9-4fc5-8baf-ca8ac763fda5,Meehan's Public House - Vinings,Atlanta,https://vinings.meehanspublichouse.com/,miss,false,false,no usable og/meta tags
092f66ca-5b99-482a-9e5c-6951ff80fd81,United Palace,New York,https://www.ticketmaster.com/united-palace-tickets-new-york/venue/356,miss,false,false,"aggregator page, no usable image"
fb031f19-4440-415a-8386-7e0bc3f0b0ec,PKWY Tavern - Tivoli,Las Vegas,https://www.pkwytavern.com/locations/tivoli/,hit,true,true,
0ce685ab-ddb3-4736-a6fe-19a64311f2b3,Club Dada,Dallas,,miss,false,false,no website url
93462350-45ed-4b90-8463-bf033ae99c21,Los Angeles State Historic Park,Los Angeles,https://www.ticketmaster.com/los-angeles-state-historic-park-tickets-los-angeles/venue/74497,miss,false,false,"aggregator page, no usable image"
92ea9b77-6880-4358-b28c-959be4cb7c08,Da Poetry Lounge,Los Angeles,https://www.dapoetrylounge.com,hit,false,true,
d101ffdc-c14d-4111-bbbd-261a38e526ed,The Stand Up Comedy Club,Los Angeles,https://www.ticketweb.com/venue/the-stand-up-comedy-club-bellflower-ca/549368,hit,true,false,aggregator: image only
bc19f702-c303-4da9-9ab2-6375c0637e35,Urban Chestnut Brewing Company - The Grove,St. Louis,https://www.urbanchestnut.com,hit,false,true,
102bb29c-dec3-46be-a861-96b122ac7ef5,Castaways,Chicago,,miss,false,false,no website url
f548581a-cdd6-4096-a659-9469a915cdd1,MacDinton's Irish Pub,Tampa,https://macdintons.com/soho/,hit,false,true,
c0680c15-3a4b-4277-8d2a-ad8906a1ad6c,Wild Rover Brewing Company,Tampa,https://wildroverbrewing.com,miss,false,false,og:image failed validation
92139a0d-4f3f-4c8b-a4bc-37152072ff29,Longhorn Ballroom - Dallas,Dallas,,miss,false,false,no website url
60918e47-2ba8-4c1f-a07c-d7568bcf8c7a,King Cong Brewing Co,Sacramento,https://www.kingcongbrewing.com/,hit,true,false,
1d6f20f2-4ad7-4ddc-8cca-6d208db0edcd,Chevalier Theatre,Boston,https://www.ticketmaster.com/chevalier-theatre-tickets-medford/venue/8854,miss,false,false,"aggregator page, no usable image"
9a32feec-fefe-4878-bf07-707498081c5c,The Cabin,Sacramento,https://thecab.in/,hit,true,false,
7fa9e638-5b2e-41a7-a437-cadd82ccac75,Hobby Center,Houston,https://www.ticketmaster.com/hobby-center-tickets-houston/venue/475611,miss,false,false,"aggregator page, no usable image"
edf6a84e-eb56-469b-9340-221fdf7d9f69,The Rosetta Room,Phoenix,https://www.ticketmaster.com/the-rosetta-room-tickets-mesa/venue/205302,miss,false,false,"aggregator page, no usable image"
d00c6521-f644-45b2-a7ba-7fb38106f95d,Mesa Arts Center,Phoenix,,miss,false,false,no website url
78361b4e-0675-4db8-9007-601a5ff46236,Great American Music Hall,San Francisco,,miss,false,false,no website url
563ecd3a-7126-4ae6-a9f4-13b7c9f709e4,Memorial Hall,Cincinnati,https://www.ticketweb.com/venue/memorial-hall-cincinnati-oh/128754,hit,true,false,aggregator: image only
b5f9c9f9-7eec-4523-bd97-b047e5963e38,The Shelter,Detroit,https://www.ticketmaster.com/the-shelter-tickets-detroit/venue/65791,miss,false,false,"aggregator page, no usable image"
f448a2d2-6448-459c-a553-d32c864655ae,Good Time Charli's Neighborhood Craft Pub,Phoenix,https://goodtimecharlis.com,miss,false,false,no usable og/meta tags
8aadd1c9-92dc-4f55-9891-58b9410273f2,Remlinger Farms,Seattle,https://www.ticketmaster.com/remlinger-farms-tickets-carnation/venue/124019,miss,false,false,"aggregator page, no usable image"
22a69638-b017-4326-b89d-c4a89ed8a740,El Corazon,Seattle,,miss,false,false,no website url
f227ca9b-3d12-4693-9881-5e330973905b,Sunset Tavern,Seattle,https://www.ticketweb.com/venue/sunset-tavern-seattle-wa/18979,hit,true,false,aggregator: image only
f0fccb93-00e3-4f55-8bbd-53a3c73847e6,Brick By Brick,San Diego,https://www.ticketweb.com/venue/brick-by-brick-san-diego-ca/466885,hit,true,false,aggregator: image only
d6706860-73a9-4151-a548-97a4eedea9cb,Ferg's Pavilion,Tampa,https://www.ticketweb.com/venue/fergs-pavilion-st-petersburg-fl/507575,hit,true,false,aggregator: image only
37d0cd6b-d975-47b1-bcbe-5f1df22d94d0,Duke Energy Center for the Arts - Mahaffey Theater,Tampa,https://www.ticketmaster.com/duke-energy-center-for-the-arts-tickets-st-petersburg/venue/106761,miss,false,false,"aggregator page, no usable image"
563740ad-5246-4d18-8580-5ba6415ab2d8,WordUp! Open Mic,St. Louis,https://wordupopenmicstl.com,hit,false,true,
f4afc93a-2711-4525-947e-a0d23e0824ad,Addition Financial Arena,Orlando,https://www.ticketmaster.com/addition-financial-arena-tickets-orlando/venue/279481,miss,false,false,"aggregator page, no usable image"
02f797f2-ea64-436d-87fd-ea1d4210e86c,Spirit Hall,Pittsburgh,https://www.ticketmaster.com/spirit-hall-tickets-pittsburgh/venue/181055,miss,false,false,"aggregator page, no usable image"
4b33e845-c6c1-40cd-baea-5124b3fe5c13,California Exposition & State Fair,Sacramento,,miss,false,false,no website url
ec90ac86-8dd8-4f40-8675-a8633dd16602,Access at Aliante Casino & Hotel,Las Vegas,https://www.ticketmaster.com/access-at-aliante-casino-hotel-tickets-north-las-vegas/venue/189286,miss,false,false,"aggregator page, no usable image"
0b5accc8-c76e-4412-acdb-f4cacf640578,Side Lawn At Sunset Station,Las Vegas,https://www.ticketmaster.com/side-lawn-at-sunset-station-tickets-henderson/venue/189529,miss,false,false,"aggregator page, no usable image"
a10a2b86-ab2c-4984-962a-be1306ab5f78,M Resort Spa Casino,Las Vegas,https://www.ticketmaster.com/m-resort-spa-casino-tickets-henderson/venue/189207,miss,false,false,"aggregator page, no usable image"
87414ebd-5e88-4173-a2f3-5be3673f894f,SAHARA THEATRE AT SAHARA LAS VEGAS,Las Vegas,https://www.ticketmaster.com/sahara-theatre-at-sahara-las-vegas-tickets-las-vegas/venue/188670,miss,false,false,"aggregator page, no usable image"
c5c37275-e3b7-43cd-ad6c-9d1e5f5953dd,Ameristar Casino and Hotel,Kansas City,https://www.ticketmaster.com/ameristar-casino-and-hotel-tickets-kansas-city/venue/49567,miss,false,false,"aggregator page, no usable image"
a86ec3ec-de66-4209-a6f6-cc35e0a02816,MegaCorp Pavilion,Cincinnati,,miss,false,false,no website url
333145f0-7f11-469a-9fcb-cdc0e2b4a72c,Kava Culture,Tampa,https://kavaculture.com,hit,false,true,
07678670-924e-436e-9e70-2c57c5b72dc3,GenX Tavern,Tampa,https://genxtavern.com,miss,false,false,fetch failed
efc37b7e-003a-44f1-a591-848bbc25ea48,Denizens Brewing Co.,Washington,https://denizensbrewingco.com,hit,false,true,
7a89f144-d4c2-4d0c-9f38-0f42d0e6c572,Wild Horses,New York,https://www.ticketweb.com/venue/wild-horses-new-york-ny/740573,hit,true,false,aggregator: image only
768e1d94-c1ff-4697-8e88-36e78b883baa,Tio Leo's Lounge,San Diego,https://www.tioleos.com,hit,true,false,
c96e897d-0628-4804-9a54-e41540c8ccb2,ReBAR,Las Vegas,https://rebarlv.com/home,miss,false,false,og:image failed validation
39d65891-964f-4b07-933e-3372ebd2760f,Kick Butt Coffee,Austin,https://kickbuttcoffee.com/,miss,false,false,no usable og/meta tags
0aff109b-ed05-4aa3-9a0c-2f5209bb874a,Taps & Barrels Beerhouse,Las Vegas,https://www.tapsbarrelslv.com/,miss,false,false,no usable og/meta tags
23f15ad4-58f4-4bed-8d1e-2f8adedb89a3,The Falcon Bar,Orlando,https://linktr.ee/thefalconbar,hit,true,true,
294a7ba9-4ccf-478f-a810-e593832f4925,Cheluna Brewing Co,Denver,https://www.cheluna.com,hit,true,true,
cfdc7e3b-d53d-4722-8363-0dbf56f20ca2,Slater's 50/50 - Silverado Ranch,Las Vegas,https://www.slaters5050lasvegas.com/locations/silverado-ranch,hit,true,true,
951aa8dc-2d3f-4c79-9dbf-eaabb9ab490f,Black Laboratory Brewing,San Antonio,https://www.blacklaboratorybrewing.com,hit,true,true,
aa3c7226-c775-42b4-af5d-6d5cce696910,Turn! Turn! Turn!,Portland,https://turnturnturnpdx.com/,hit,true,false,
0e608dd8-2691-4b71-a306-55cd1c99e61d,Neon Desert Brewing,Las Vegas,https://neondesertbrewing.com/,miss,false,false,no usable og/meta tags
0afe5cec-11ec-43e1-bce8-3d97ee72a96a,Mecklenburg Shrine Club (Charlotte Contra Dancers),Charlotte,https://www.charlottecontradance.org,miss,false,false,no usable og/meta tags
a76de1dc-7c39-4a9b-aa80-a008094ef27e,Crown Station Pub,Charlotte,https://www.crownstationpub.com,hit,true,true,
c8fe2ab7-3e71-401b-ba5f-74fe5babcfee,Madison Perk Coffee Bar,Charlotte,https://madisonperk.wixsite.com/madisonperk,hit,true,true,
ffcbcc9d-3ed1-401b-962f-8a2e3f33d6ed,Dessert Oasis Coffee Roasters,Detroit,https://docr.coffee,hit,true,true,
8f3334c8-ef45-44e8-868c-69db91c34256,Ferndale Project,Detroit,https://www.ferndaleproject.com,hit,true,false,
d669d95b-e5f8-45c6-b3a5-7905e35d2a86,Wicked Sisters,Baltimore,https://www.wickedsistershampden.com,hit,true,true,
84ff7e50-cb56-4f4a-a080-a4c0802cda3e,Fadensonnen,Baltimore,https://www.fadensonnen.com,hit,true,false,
855fdc45-4ad7-4886-8e0d-f6bb989fcaee,Elysian Brewing,Seattle,https://www.elysianbrewing.com,hit,true,true,
6f4d134d-a16d-4491-be88-3b783cc3352a,Local 44,Philadelphia,https://www.local44beerbar.com,hit,true,true,
ab3bc63e-f447-4998-8796-ca743017959a,InCahoots,San Diego,https://ocincahoots.com,miss,false,false,og:image failed validation
1e8f66f8-8489-430a-af04-bbfecebe98e5,Mr. Dunderbak's Biergarten & Brewery,Tampa,https://dunderbaks.com,miss,false,false,no usable og/meta tags
e6b36de7-b1be-4eca-a7b6-a67a26c2590c,Schnebly Redland's Winery,Miami,https://www.schneblywinery.com,hit,true,false,
f35245b2-ad64-402b-88e4-dbc121505e57,The Goat,Dallas,http://thegoatdallas.com,miss,false,false,no usable og/meta tags
b786bccd-8a3a-4642-80fe-64c6bfdf159d,Wild Heaven Beer,Atlanta,https://wildheavenbeer.com/,hit,true,true,
80edab08-03c0-4d12-b77e-78a52af6703e,Social Beer Garden HTX,Houston,https://www.socialbeergardenhtx.com/,hit,true,true,
ee77c67b-e10f-4b4a-a183-f123ac4e7ae1,Limerick Junction Pub,Atlanta,https://www.limerickjunction.com/,hit,true,false,
8e3d53a0-a117-4396-9a7a-083337e86967,ReelWorks Denver,Denver,,miss,false,false,no website url
e4547a28-98e4-4387-b66a-8f5eadc302dd,White Eagle Hall,New York,,miss,false,false,no website url
3716d5fe-678e-4a1a-bf97-d84f900f2140,Ellen's Stardust Theater,New York,https://www.ticketweb.com/venue/ellens-stardust-theater-new-york-ny/516985,hit,true,false,aggregator: image only
3168a6cf-1f3c-47bf-bda2-7e0f33c28097,Higher Gravity Crafthaus - Summit Park,Cincinnati,https://highergravitycrafthaus.com/venue/summit-park/,miss,false,false,no usable og/meta tags
2f63d5be-d49c-46b8-bfca-c03839f70af3,The Little Longhorn Saloon,Austin,https://thelittlelonghornsaloon.com/,hit,false,true,
a5e3a2ec-39a5-42f4-bff9-7106613a96d1,FTL War Memorial Auditorium,Miami,https://www.ticketmaster.com/ftl-war-memorial-auditorium-tickets-ft-lauderdale/venue/106951,miss,false,false,"aggregator page, no usable image"
dcd84257-7935-4714-92fd-e0a3eccaacf1,Globe Life Field,Dallas,https://www.ticketmaster.com/globe-life-field-tickets-arlington/venue/99338,miss,false,false,"aggregator page, no usable image"
2cd34d46-b36a-4779-98f5-7516cd66df6a,White Owl Social Club,Portland,https://www.whiteowlsocialclub.com/,hit,true,true,
9cb2e981-f37f-4081-9792-7e4a7fd0a170,Dos Sirenos Brewing,San Antonio,https://www.dossirenosbrewing.com/,hit,false,true,
d0de6a71-7fcd-4b2c-9b48-64433cfcd3d3,Bookies Bar & Grille,Detroit,https://www.bookiesbar.com,hit,false,true,
9dab85bd-f4e7-4246-9961-7c5160d52d31,BMO Stadium,Los Angeles,https://www.ticketmaster.com/bmo-stadium-tickets-los-angeles/venue/82799,miss,false,false,"aggregator page, no usable image"
05488a01-207b-43ad-8281-48affd5289f6,Music Stage at the Lexus US Open of Surfing,Los Angeles,https://www.ticketmaster.com/music-stage-at-the-lexus-us-tickets-huntington-beach/venue/74899,miss,false,false,"aggregator page, no usable image"
2d8f365c-8394-4c7d-aeaf-2eccfd54818a,Observatory Festival Grounds,Los Angeles,https://www.ticketmaster.com/observatory-festival-grounds-tickets-santa-ana/venue/74801,miss,false,false,"aggregator page, no usable image"
81309701-7f17-4407-bc49-c7382a33fde1,Navy Pier,Chicago,,miss,false,false,no website url
dc44a0ff-09ac-458b-a042-4eba96d67c99,Park West,Chicago,,miss,false,false,no website url
b15834b0-7cbd-404a-ae4e-1215c3af5883,Memoire,Boston,https://www.ticketmaster.com/memoire-tickets-everett/venue/9388,miss,false,false,"aggregator page, no usable image"
293cae5b-bed6-47ed-b90e-94dee3ef2345,Sun Sets at View Boston,Boston,https://www.ticketmaster.com/sun-sets-at-view-boston-tickets-boston/venue/9505,miss,false,false,"aggregator page, no usable image"
8e1dd2be-3451-4059-b30a-f6979bda1605,Radius - Chicago,Chicago,,miss,false,false,no website url
840ab31c-1958-4e47-acc5-457b9bedf84c,Riverfront Jazz Fest at Fair Park,Dallas,https://www.ticketmaster.com/riverfront-jazz-fest-at-fair-park-tickets-dallas/venue/99305,miss,false,false,"aggregator page, no usable image"
5a4307e1-efb8-48e1-bb46-441c1d75f5ab,Grant Park,Chicago,,miss,false,false,no website url
6e82f292-27d0-421a-8b05-24897154a087,Cobra Lounge,Chicago,,miss,false,false,no website url
ab5e560c-9481-421d-98dc-6477d2edac0c,Lincoln Hall,Chicago,,miss,false,false,no website url
d0512a7a-498b-4793-b18b-c7e44cf0370d,Union Park,Chicago,https://www.ticketmaster.com/union-park-tickets-chicago/venue/33076,miss,false,false,"aggregator page, no usable image"
94b7ef44-0aaf-428c-8032-eca2c9cc5608,Meyerhoff Symphony Hall,Baltimore,,miss,false,false,no website url
8a8f0a3e-37e8-4bf4-8efc-b149d877b4f0,Hard Rock Stadium,Miami,https://www.ticketmaster.com/hard-rock-stadium-tickets-miami/venue/106734,miss,false,false,"aggregator page, no usable image"
49cb6816-f2f2-4e2a-9699-c66b59b43837,Charles F. Dodge City Center Pembroke Pines,Miami,https://www.ticketmaster.com/charles-f-dodge-city-center-pembroke-tickets-pembroke-pines/venue/107652,miss,false,false,"aggregator page, no usable image"
2921f111-be96-4377-8c4e-d11eedd451c4,Reliant Stadium (formerly NRG Stadium),Houston,https://www.ticketmaster.com/reliant-stadium-formerly-nrg-stadium-tickets-houston/venue/475596,miss,false,false,"aggregator page, no usable image"
297306ec-82d0-438e-8c29-fed6508db7b1,Talking Stick Resort,Phoenix,https://www.ticketmaster.com/talking-stick-resort-tickets-scottsdale/venue/205103,miss,false,false,"aggregator page, no usable image"
1a3353c9-4a1e-4a10-b3d0-6d7105148b8a,Mesa Amphitheatre,Phoenix,,miss,false,false,no website url
9590338b-6b01-4613-ad93-592598bace7b,NOTO,Houston,https://www.ticketmaster.com/noto-tickets-houston/venue/476340,miss,false,false,"aggregator page, no usable image"
4c14f1d8-3e85-420a-bc01-66bab1a3b415,Woodruff Arts Center,Atlanta,https://www.ticketmaster.com/woodruff-arts-center-tickets-atlanta/venue/115336,miss,false,false,"aggregator page, no usable image"
baf37b12-5984-4b60-a2ee-840c798be275,Mercedes-Benz Stadium,Atlanta,https://www.ticketmaster.com/mercedesbenz-stadium-tickets-atlanta/venue/115751,miss,false,false,"aggregator page, no usable image"
c243b552-7b00-4ef5-98db-4d0020ec83c0,Stateside Live Philadelphia,Philadelphia,,miss,false,false,no website url
843db0b9-a3bb-4770-8aa2-f103c43e06ff,1015 Folsom,San Francisco,,miss,false,false,no website url
5241b224-49cb-4f2c-bc22-3123f8517efb,Music Hall Center,Detroit,https://www.ticketmaster.com/music-hall-center-tickets-detroit/venue/65560,miss,false,false,"aggregator page, no usable image"
b3a38c54-9b95-43e2-8485-9bb1913200ea,Tacoma Dome,Seattle,https://www.ticketmaster.com/tacoma-dome-tickets-tacoma/venue/122998,miss,false,false,"aggregator page, no usable image"
2322cbde-67ed-40ba-80ba-70681969138a,San Diego Civic Theatre,San Diego,https://www.ticketmaster.com/san-diego-civic-theatre-tickets-san-diego/venue/82007,miss,false,false,"aggregator page, no usable image"
f06c9546-3ab4-4ae8-ba9d-43251618d479,DICK'S Sporting Goods Park,Denver,https://www.ticketmaster.com/dicks-sporting-goods-park-tickets-commerce-city/venue/246830,miss,false,false,"aggregator page, no usable image"
956ba52d-761f-451e-8b79-339291aabee4,M&T Bank Stadium,Baltimore,,miss,false,false,no website url
daea160b-6265-4267-bbe2-1ac40c301f60,Family Arena,St. Louis,https://www.ticketmaster.com/family-arena-tickets-saint-charles/venue/50622,miss,false,false,"aggregator page, no usable image"
1cd8e945-34dc-4ebd-a27e-eb7c56849235,The Amp Ballantyne,Charlotte,,miss,false,false,no website url
7e857ae8-d864-4b11-8e99-49fa8c4db0f8,The Carolina,Charlotte,https://www.ticketmaster.com/the-carolina-tickets-charlotte/venue/369936,miss,false,false,"aggregator page, no usable image"
08a5dbe1-504f-42a2-a916-b7b695e6d01d,H-E-B Performance Hall,San Antonio,,miss,false,false,no website url
67cd6df9-d86d-4c7e-a519-b5d1c4800eda,Freeman Coliseum,San Antonio,https://www.ticketmaster.com/freeman-coliseum-tickets-san-antonio/venue/475253,miss,false,false,"aggregator page, no usable image"
51c9f075-8dfa-4c3c-b2ff-b3b4767300e7,Stubb's Indoors,Austin,https://www.ticketmaster.com/stubbs-indoors-tickets-austin/venue/476219,miss,false,false,"aggregator page, no usable image"
3a83e65c-593e-453a-9e40-e99116f74def,Pittsburgh Improv,Pittsburgh,https://www.ticketweb.com/venue/pittsburgh-improv-pittsburgh-pa/427905,hit,true,false,aggregator: image only
df18e253-8da7-4b25-8833-1bafee78428b,Discovery Park,Sacramento,https://www.ticketmaster.com/discovery-park-tickets-sacramento/venue/229454,miss,false,false,"aggregator page, no usable image"
979d39bc-048b-4d4c-b627-932b5587013c,The Pool at SAHARA Las Vegas,Las Vegas,https://www.ticketmaster.com/the-pool-at-sahara-las-vegas-tickets-las-vegas/venue/189517,miss,false,false,"aggregator page, no usable image"
c00822ec-b176-4fc7-9c54-ee269443bf55,Michelob Ultra Arena,Las Vegas,,miss,false,false,no website url
accfec27-47ab-4f87-8dcc-d9577751ce11,Cannery Hotel and Casino,Las Vegas,https://www.ticketmaster.com/cannery-hotel-and-casino-tickets-n-las-vegas/venue/189378,miss,false,false,"aggregator page, no usable image"
8819f6c3-2bf0-4017-b222-37cc594b2f72,The Venetian Theatre at The Venetian Resort,Las Vegas,https://www.ticketmaster.com/the-venetian-theatre-at-the-venetian-tickets-las-vegas/venue/189345,miss,false,false,"aggregator page, no usable image"
f5551093-fb0e-49db-8da6-4798695c9bb1,Orleans Showroom,Las Vegas,https://www.ticketmaster.com/orleans-showroom-tickets-las-vegas/venue/189434,miss,false,false,"aggregator page, no usable image"
8cfecd73-25df-4485-991d-0d2097575bcb,Heritage Bank Center,Cincinnati,https://www.ticketmaster.com/heritage-bank-center-tickets-cincinnati/venue/180631,miss,false,false,"aggregator page, no usable image"
a9b7a5b0-b81d-4958-a9e3-e9e997b62c6a,Lori's Roadhouse,Cincinnati,https://www.ticketmaster.com/loris-roadhouse-tickets-west-chester/venue/42341,miss,false,false,"aggregator page, no usable image"
c9a9518c-a209-4fec-a1de-2a994e84e2d3,Voice of America MetroPark,Cincinnati,https://www.ticketmaster.com/voice-of-america-metropark-tickets-west-chester/venue/181220,miss,false,false,"aggregator page, no usable image"
dc37390e-c632-4720-9d90-741cb25477c6,Hard Rock Cincinnati Ballroom,Cincinnati,https://www.ticketmaster.com/hard-rock-cincinnati-ballroom-tickets-cincinnati/venue/181180,miss,false,false,"aggregator page, no usable image"
654b4bc6-d979-44a9-a81c-da95b205c03a,Cincinnati Music Hall,Cincinnati,,miss,false,false,no website url
65850fc8-af58-4f02-b026-be4a8e9090d9,Bombay Bicycle Club,San Antonio,https://www.bombaybicycleclubsa.com/,miss,false,false,fetch failed
9c302b8e-7e53-4f44-8d6b-eaf366020f13,Darrell's Tavern,Seattle,https://darrellstavern.com,hit,true,false,
feea46b1-f4ad-4ca6-ac30-51d37aa23dc2,The Corner Ferndale,Detroit,https://www.thecornerferndale.com,hit,true,true,
c825c3f2-b69f-4158-a9d8-b88f46d49400,Griff's Irish Pub,Houston,https://www.griffsirishpub.com/,hit,true,false,
c7fae1c2-2dad-48a8-bf0f-1825d009c9ce,Notsuoh,Houston,https://notsuoh.com/,hit,true,false,
91922879-4106-43cd-a38c-1385f4fc746e,The Libertine Bar,Dallas,https://www.libertinebar.com,hit,true,false,
fb81e112-03ee-4c88-845f-050167736e69,Dunedin Brewery,Tampa,https://dunedinbrewery.com,hit,false,true,
9825c677-4566-4931-85dc-666749c97c91,Sacramento Comedy Spot,Sacramento,https://saccomedyspot.com/,miss,false,false,fetch failed
c640a3bf-4a70-4b52-aa64-3f7e82205c22,Bike Dog Brewing Broadway Taproom,Sacramento,https://bikedogbrewing.com/,miss,false,false,fetch failed
69651c89-e83a-4084-a835-b5bb5af03920,Bike Dog Brewing East Sac Taproom,Sacramento,https://bikedogbrewing.com/,miss,false,false,fetch failed
efd56625-eb02-4570-bcb5-e9a4cad0d496,Strokers Ice House,Dallas,https://www.strokersdallas.com/ice-house/,miss,false,false,no usable og/meta tags
3dd9b895-a940-4dbb-97aa-f39984cf285b,Ratio Beerworks,Denver,https://ratiobeerworks.com,hit,true,true,
76902c0b-f5e2-4927-a8aa-d6b31a94651c,Other Half Brewing,New York,https://otherhalfbrewing.com/,hit,true,true,
39cff08f-e8e4-41cd-80ad-09f38b085847,The Book Cellar,Chicago,https://www.bookcellarinc.com,miss,false,false,no usable og/meta tags
d0e36874-f7cc-4072-928b-e19dac62eb36,CLUB 909 at the Music Hall at Fair Park,Dallas,https://www.ticketmaster.com/club-909-at-the-music-hall-tickets-dallas/venue/99549,miss,false,false,"aggregator page, no usable image"
aa4d1789-20c8-4d70-b2ee-7d5ab00d6834,The Liberty Belle - Rocks Off Concert Cruise,New York,https://www.ticketweb.com/venue/the-liberty-belle--rocks-off-concert-cruise-new-york-ny/429745,hit,true,false,aggregator: image only
54d38b91-0f30-4734-87e2-31f7dfc8eab2,Hale Centre Theatre - Arizona,Phoenix,,miss,false,false,no website url
5e1e9ce7-5c1b-4386-a052-1f0796078a07,Randalls Island,New York,https://www.ticketmaster.com/randalls-island-tickets-new-york/venue/722,miss,false,false,"aggregator page, no usable image"
9895f67d-294b-4b87-8725-57542949ffe3,HQ,Denver,https://www.ticketmaster.com/hq-tickets-denver/venue/247098,miss,false,false,"aggregator page, no usable image"
69009dfc-708c-4591-aa56-d18da63f18ae,Bojangles Coliseum,Charlotte,https://www.ticketmaster.com/bojangles-coliseum-tickets-charlotte/venue/368653,miss,false,false,"aggregator page, no usable image"
af313f36-4407-4388-a08a-930e3f178d31,Great Park Live,Los Angeles,,miss,false,false,no website url
3e326f0c-8fbb-4998-b5b9-2a58c48372d8,Flyway Night Club - Pomona,Los Angeles,https://www.ticketweb.com/venue/flyway-night-club--pomona--pomona-ca/713013,hit,true,false,aggregator: image only
0e2694a2-e3e7-417e-9739-22f2d794b6bb,The Fox Theater-Pomona,Los Angeles,,miss,false,false,no website url
24d9d09a-aa9c-49f3-9156-3f22ee6c0536,The Miracle Theater,Los Angeles,https://www.ticketmaster.com/the-miracle-theater-tickets-inglewood/venue/90280,miss,false,false,"aggregator page, no usable image"
8744cdbd-d473-4630-ac21-4b3f105a8a9d,Los Angeles Convention Center,Los Angeles,,miss,false,false,no website url
4886ac2f-a8bd-4134-ab51-32aa9076a04c,Gloria Molina Grand Park,Los Angeles,,miss,false,false,no website url
96dfa19a-2284-4755-b3c2-b87ef22ce1bf,Luckman Fine Arts Complex,Los Angeles,https://www.ticketmaster.com/luckman-fine-arts-complex-tickets-los-angeles/venue/90209,miss,false,false,"aggregator page, no usable image"
c009422c-dea1-4ba9-8899-d711e4b8d908,Rose & Alfred Miniaci Performing Arts Center,Miami,https://www.ticketmaster.com/rose-alfred-miniaci-performing-arts-center-tickets-ft-lauderdale/venue/107339,miss,false,false,"aggregator page, no usable image"
e9b5c09e-aebc-4f3f-91bc-05b5da6efbb6,Chop Shop,Chicago,https://www.ticketmaster.com/chop-shop-tickets-chicago/venue/33190,miss,false,false,"aggregator page, no usable image"
8583143f-e5b3-4c07-8192-ccf96fe085ea,Dawes Park,Chicago,https://www.ticketweb.com/venue/dawes-park--evanston-il/696973,hit,true,false,aggregator: image only
d87368ed-c275-473a-8b06-84fc92a5b67d,Ramova Theatre,Chicago,,miss,false,false,no website url
de71ab22-5bac-46ac-8775-59e3a268f199,Garfield Park Conservatory,Chicago,https://www.ticketweb.com/venue/garfield-park-conservatory-chicago-il/11038,hit,true,false,aggregator: image only
0d02e1ed-dd0d-4dd4-95a6-08303199bc9c,Douglass Park,Chicago,,miss,false,false,no website url
581ead2c-52d2-4b27-a51b-f07c3d392b40,Arlington Music Hall,Dallas,,miss,false,false,no website url
ac3055a6-fec1-4d8c-be11-bcd7e843c2ef,Arlington Improv,Dallas,https://www.ticketmaster.com/arlington-improv-tickets-arlington/venue/343231,miss,false,false,"aggregator page, no usable image"
31e689e4-044c-41db-b070-a9933243f01f,State Farm Stadium,Phoenix,,miss,false,false,no website url
37fee44c-0c13-4ffe-857f-ae5a70aebe59,Yucca Tap Room,Phoenix,https://www.ticketmaster.com/yucca-tap-room-tickets-tempe/venue/205217,miss,false,false,"aggregator page, no usable image"
c44da7eb-3b39-47f3-b55c-9d737264ccd3,PIEDMONT PARK,Atlanta,https://www.ticketmaster.com/piedmont-park-tickets-atlanta/venue/115455,miss,false,false,"aggregator page, no usable image"
c21888a6-0e41-44b2-a5b2-b9e8e136f6c6,Smith's Olde Bar,Atlanta,https://www.ticketweb.com/venue/smiths-olde-bar-atlanta-ga/401995,hit,true,false,aggregator: image only
5f5d9d1f-2b22-46df-84a4-bee24de04c7a,Frederick Brown Jr. Amphitheater,Atlanta,,miss,false,false,no website url
74b18fab-8c72-495a-acb8-e474af1b2834,Nationals Park,Washington,https://www.ticketmaster.com/nationals-park-tickets-washington/venue/172526,miss,false,false,"aggregator page, no usable image"
d2d5f0be-ba19-4186-bbf6-c68ba6232798,Bethesda Theater,Washington,https://www.ticketmaster.com/bethesda-theater-tickets-bethesda/venue/172472,miss,false,false,"aggregator page, no usable image"
53543157-0eb8-472f-91cd-5458513096d7,DAR Constitution Hall,Washington,https://www.ticketmaster.com/dar-constitution-hall-tickets-washington/venue/172054,miss,false,false,"aggregator page, no usable image"
d2877a0e-a8c9-4c3a-85dd-cd047660bd54,Scottish Rite Auditorium-NJ,Philadelphia,,miss,false,false,no website url
6e0b7c19-99f4-4082-bddb-836709e12a45,The Liacouras Center,Philadelphia,https://www.ticketmaster.com/the-liacouras-center-tickets-philadelphia/venue/16616,miss,false,false,"aggregator page, no usable image"
178116d3-7316-4cbb-a5f5-2d1f1bad7b5b,Stateside Live!,Philadelphia,https://www.ticketmaster.com/stateside-live-tickets-philadelphia/venue/16984,miss,false,false,"aggregator page, no usable image"
07e3d314-9cf9-4762-821a-7c30061a9b67,Clark County Fairgrounds,Portland,,miss,false,false,no website url
8aae7f6f-6cd6-4cfc-b272-a0cb26fe9f20,Crest Theater,Sacramento,https://www.ticketmaster.com/crest-theater-tickets-sacramento/venue/229443,miss,false,false,"aggregator page, no usable image"
e835f6a2-a5a3-420c-97b2-dc498cd771b9,The Crofoot Ballroom,Detroit,https://www.ticketweb.com/venue/the-crofoot-ballroom-pontiac-mi/22313,hit,true,false,aggregator: image only
98d6a993-80f7-4e22-93ad-67d44e6c9056,Detroit Opera House,Detroit,https://www.ticketmaster.com/detroit-opera-house-tickets-detroit/venue/65713,miss,false,false,"aggregator page, no usable image"
12e4aeab-1195-4f57-865d-6afaa3726787,Ford Field,Detroit,https://www.ticketmaster.com/ford-field-tickets-detroit/venue/65869,miss,false,false,"aggregator page, no usable image"
5ebcb43b-8361-4a4d-af32-7cf499214dcb,Northwest Railway Museum,Seattle,https://www.ticketweb.com/venue/northwest-railway-museum-snoqualmie-wa/13481,hit,true,false,aggregator: image only
a3a06deb-3795-4dc2-b02b-a90ac2de539b,The 5th Avenue Theatre,Seattle,https://www.ticketmaster.com/the-5th-avenue-theatre-tickets-seattle/venue/122943,miss,false,false,"aggregator page, no usable image"
9903460e-08fa-46ef-82d2-4ad6d670cf5d,Rialto Theater,Seattle,https://www.ticketmaster.com/rialto-theater-tickets-tacoma/venue/122988,miss,false,false,"aggregator page, no usable image"
d19a5421-de03-4aab-9f09-ea7dbb276baf,accesso ShoWare Center,Seattle,,miss,false,false,no website url
554e188c-e445-41b1-a553-cdd1a71c16bf,Neumos,Seattle,,miss,false,false,no website url
9128a22b-a46e-4aa3-9758-6e53e0b127e7,Humphreys Backstage Live,San Diego,https://www.ticketmaster.com/humphreys-backstage-live-tickets-san-diego/venue/82453,miss,false,false,"aggregator page, no usable image"
80aa528b-9134-4e39-b518-caba481477eb,Ruth Eckerd Hall,Tampa,,miss,false,false,no website url
eb8d4aa5-d96e-48a0-80ac-1d60e8b05fec,Raymond James Stadium,Tampa,https://www.ticketmaster.com/raymond-james-stadium-tickets-tampa/venue/106526,miss,false,false,"aggregator page, no usable image"
ec5b749d-8a84-4d54-8bba-b9ae81d20f71,The Brass Mug,Tampa,https://www.ticketweb.com/venue/the-brass-mug-tampa-fl/198754,hit,true,false,aggregator: image only
ab5d5c43-981c-4e36-970a-426dac2c91f6,Denver Botanic Gardens,Denver,,miss,false,false,no website url
91f6f684-0275-474e-afbb-732b337c03c4,Empower Field At Mile High,Denver,https://www.ticketmaster.com/empower-field-at-mile-high-tickets-denver/venue/246376,miss,false,false,"aggregator page, no usable image"
6b6adcb6-bc2e-4d31-9a7f-229df10fd3e8,Coors Field,Denver,https://www.ticketmaster.com/coors-field-tickets-denver/venue/246126,miss,false,false,"aggregator page, no usable image"
4eb92c39-5f9a-4b89-839e-b2bdbfc5be9e,Bellco Theatre,Denver,https://www.ticketmaster.com/bellco-theatre-tickets-denver/venue/246570,miss,false,false,"aggregator page, no usable image"
25cb4eb1-7dff-4027-8fb1-713257f1fcd8,Moon Room at Summit,Denver,https://www.ticketmaster.com/moon-room-at-summit-tickets-denver/venue/246876,miss,false,false,"aggregator page, no usable image"
8c3d0544-3dfc-4789-aa37-c927c70f132e,Oriental Theater,Denver,https://www.ticketmaster.com/oriental-theater-tickets-denver/venue/246716,miss,false,false,"aggregator page, no usable image"
cb8fd3d5-b51f-4d47-8d66-50c0afbe29a3,Dr. Phillips Performing Arts Center,Orlando,,miss,false,false,no website url
f7648b75-9e36-491e-ac42-24a653f4eb72,Plaza Live - Orlando,Orlando,,miss,false,false,no website url
adc8fd20-31af-48c9-b9da-e977efc933c2,Amos Southend,Charlotte,,miss,false,false,no website url
61e0c645-2c5f-470c-ad4c-ac7d92dcbe21,zMax Dragway,Charlotte,,miss,false,false,no website url
9438b017-45fb-4db8-ac3e-29f9270cb103,Pioneer Courthouse Square,Portland,,miss,false,false,no website url
3401aad8-7208-4ff1-8a00-25470e22ce9f,Keller Auditorium,Portland,https://www.ticketmaster.com/keller-auditorium-tickets-portland/venue/123035,miss,false,false,"aggregator page, no usable image"
0e8a7b51-2665-4de4-9bf8-081241312f5f,Round Rock Amphitheater,Austin,,miss,false,false,no website url
cadce72f-22f5-43b4-896b-2a588c115e24,The Concourse Project,Austin,,miss,false,false,no website url
1779a843-84cf-4ff7-9b89-3b5a8b4612ec,Harris Center for the Arts,Sacramento,,miss,false,false,no website url
1598d510-b1e7-447a-b98e-333849074565,Hollywood Casino at The Meadows,Pittsburgh,https://www.ticketmaster.com/hollywood-casino-at-the-meadows-tickets-washington/venue/180939,miss,false,false,"aggregator page, no usable image"
27a2f666-876b-4b69-badf-208f0b99bf56,Carnegie Library Music Hall of Homestead,Pittsburgh,,miss,false,false,no website url
004bb7a7-169f-4677-b2b3-e56071aa49ee,Green Valley Ranch Backyard Amphitheater,Las Vegas,https://www.ticketmaster.com/green-valley-ranch-backyard-amphitheater-tickets-henderson/venue/189284,miss,false,false,"aggregator page, no usable image"
1744d09e-ceca-4c10-b890-9ac9fcf528ef,The Railhead at Boulder Station Hotel & Casino,Las Vegas,https://www.ticketmaster.com/the-railhead-at-boulder-station-hotel-tickets-las-vegas/venue/189290,miss,false,false,"aggregator page, no usable image"
f410803d-7ac1-4d5d-933e-4f27c7c2c0e5,Bel-Aire Backyard,Las Vegas,,miss,false,false,no website url
a5c250f0-84d2-4c81-9e2b-c7e44912b3b3,The Truman - Kansas City,Kansas City,,miss,false,false,no website url
c3c37691-7709-4673-979c-06f38719141b,Paycor Stadium,Cincinnati,https://www.ticketmaster.com/paycor-stadium-tickets-cincinnati/venue/180259,miss,false,false,"aggregator page, no usable image"
cb4febba-18c4-4209-b924-e61685431cff,Riverfront Live,Cincinnati,https://www.ticketmaster.com/riverfront-live-tickets-cincinnati/venue/181189,miss,false,false,"aggregator page, no usable image"
764cdd6d-91e9-403d-975d-724de82b0769,Aura KC,Kansas City,https://www.ticketweb.com/venue/aura-kc-kansas-city-mo/427645,hit,true,false,aggregator: image only
479167b2-8fde-4211-bcda-8284837c75b1,KC Live!,Kansas City,,miss,false,false,no website url
4352d274-be52-413c-84c4-e2e1bcf74752,Emporium Arcade Bar - Wicker Park,Chicago,https://www.emporiumarcadebar.com,hit,true,true,
fdf3535f-b476-4660-885c-cf269c018f77,The Lido Theater,Los Angeles,,miss,false,false,no website url
014f0688-8e40-48d4-9a0e-b5936e2cf858,Nellie's Gastropub & ConcertHub,Chicago,https://www.ticketweb.com/venue/nellies-gastropub--concerthub-palatine-il/498755,hit,true,false,aggregator: image only
cc0f7892-de51-4b20-be83-faaa70e40606,Bijou,Boston,https://www.ticketmaster.com/bijou-tickets-boston/venue/341472,miss,false,false,"aggregator page, no usable image"
f15e4387-7d84-4cc0-8200-ec313eda6715,Copernicus Center,Chicago,https://www.ticketmaster.com/copernicus-center-tickets-chicago/venue/57872,miss,false,false,"aggregator page, no usable image"
cba43864-4021-4b38-9eda-c59a2c7d8c18,Museum of the American Railroad & Grapevine Vintage Railroad,Dallas,https://www.ticketweb.com/venue/museum-of-the-american-railroad--grapevine-vintage-railroad-grapevine-tx/18407,hit,true,false,aggregator: image only
15b4bbd4-8d70-4fc2-8936-11b8eb046b4b,Walter WhereHouse,Phoenix,,miss,false,false,no website url
27f9fadd-e06d-4573-8ca3-1d2932b75c6c,Karma DC Live Music Venue,Washington,https://www.ticketweb.com/venue/karma-dc-live-music-venue-washington-dc/591378,hit,true,false,aggregator: image only
0a3e309a-83be-4796-90e0-5bbc0c8b544b,Citi Field,New York,https://www.ticketmaster.com/citi-field-tickets-queens/venue/237674,miss,false,false,"aggregator page, no usable image"
7d9ae49a-86f3-449e-94d6-31eb9f0c6380,Amerant Bank Arena,Miami,,miss,false,false,no website url
100180e3-3c9d-4b5e-b701-809a8a5618d5,Arizona State Fairgrounds,Phoenix,,miss,false,false,no website url
d4f3a7ab-5790-4412-90ca-d4a51ebe5eb3,Mullett Arena,Phoenix,https://www.ticketmaster.com/mullett-arena-tickets-tempe/venue/205261,miss,false,false,"aggregator page, no usable image"
2f35ca0a-6e40-4c6b-b9aa-d32d37479ecd,Skylark Lounge,Denver,https://www.ticketmaster.com/skylark-lounge-tickets-denver/venue/247044,miss,false,false,"aggregator page, no usable image"
2795ca3e-6c96-4a00-a969-92aa2c6e365e,HQ Denver,Denver,,miss,false,false,no website url
965e71a5-1261-4480-aefc-98259ee5390b,Louis Armstrong Stadium,New York,https://www.ticketmaster.com/louis-armstrong-stadium-tickets-flushing/venue/237628,miss,false,false,"aggregator page, no usable image"
37617bb9-e059-4123-814c-eea9c2c87b30,Sports Illustrated Stadium,New York,https://www.ticketmaster.com/sports-illustrated-stadium-tickets-harrison/venue/1269,miss,false,false,"aggregator page, no usable image"
7763d12f-c835-49b9-bd64-b72bfc3ee792,Colden Auditorium at Kupferberg Center for the Arts,New York,https://www.ticketmaster.com/colden-auditorium-at-kupferberg-center-for-tickets-queens/venue/237724,miss,false,false,"aggregator page, no usable image"
224cfff8-b36a-4438-a6bb-6a12c23c3490,Palace of Fine Arts,San Francisco,https://www.ticketmaster.com/palace-of-fine-arts-tickets-san-francisco/venue/229427,miss,false,false,"aggregator page, no usable image"
1c5892c8-9fe8-4b26-9ebf-0711c5e13870,Will Rogers Auditorium,Dallas,https://www.ticketmaster.com/will-rogers-auditorium-tickets-fort-worth/venue/98339,miss,false,false,"aggregator page, no usable image"
93d3c78c-9d4e-495b-9bd1-b276fcd0d4e8,Monarch,San Francisco,https://www.ticketmaster.com/monarch-tickets-san-francisco/venue/230122,miss,false,false,"aggregator page, no usable image"
73ba2762-f944-4c4e-a723-803bb08bb3b4,Curran Theatre,San Francisco,,miss,false,false,no website url
0828a671-9a0d-4ff6-80aa-7e54ab8d6a94,Benaroya Hall - S. Mark Taper Auditorium,Seattle,https://www.ticketmaster.com/benaroya-hall-s-mark-taper-auditorium-tickets-seattle/venue/123179,miss,false,false,"aggregator page, no usable image"
9eebc7a5-49f6-44d1-b9ae-63623e9e2505,El Cid,Los Angeles,https://www.ticketweb.com/venue/el-cid-los-angeles-ca/108165,hit,true,false,aggregator: image only
62d56d5d-c313-40f3-9dee-54427104d09d,The Rock Box,San Antonio,https://www.ticketweb.com/venue/the-rock-box-san-antonio-tx/495965,hit,true,false,aggregator: image only
6a531876-ee01-408a-8ffe-8708adeaed08,Newmark Theatre,Portland,,miss,false,false,no website url
3d937df7-dee0-4298-86a4-a68b5beb7cac,Rose Bowl,Los Angeles,https://www.ticketmaster.com/rose-bowl-tickets-pasadena/venue/90162,miss,false,false,"aggregator page, no usable image"
1a2029c1-7d71-40a6-ae35-52a67c791852,Little Carver Theatre,San Antonio,https://www.ticketmaster.com/little-carver-theatre-tickets-san-antonio/venue/475738,miss,false,false,"aggregator page, no usable image"
44dcecbe-e532-4087-af3b-d3b9837a82d7,Shoreline Waterfront,Los Angeles,https://www.ticketmaster.com/shoreline-waterfront-tickets-long-beach/venue/74860,miss,false,false,"aggregator page, no usable image"
42e9bbbf-444f-4614-8a91-da8b6a7749ee,Hollywood Park Grounds,Los Angeles,https://www.ticketmaster.com/hollywood-park-grounds-tickets-inglewood/venue/82852,miss,false,false,"aggregator page, no usable image"
e2a9b197-cfb9-441c-a635-9f350f360511,The Pico Union Project,Los Angeles,https://www.ticketmaster.com/the-pico-union-project-tickets-los-angeles/venue/90385,miss,false,false,"aggregator page, no usable image"
73315ef7-fa14-4dd0-b37a-555c05803a78,Credit Union of Texas Event Center,Dallas,https://www.ticketmaster.com/credit-union-of-texas-event-center-tickets-allen/venue/99144,miss,false,false,"aggregator page, no usable image"
b4cebccf-42f3-4292-91a8-2e40925f0ee2,Three Top Lounge,Chicago,https://www.ticketweb.com/venue/three-top-lounge-chicago-il/673183,hit,true,false,aggregator: image only
4001cf10-dbcc-4470-b74d-70e57fe7e0fd,Martin Theatre,Chicago,,miss,false,false,no website url
34a67492-fcb1-40e4-aced-6f6c0cb679c4,FPL Solar Amphitheater at Bayfront Park,Miami,https://www.ticketmaster.com/fpl-solar-amphitheater-at-bayfront-park-tickets-miami/venue/106510,miss,false,false,"aggregator page, no usable image"
b0a9d095-b348-47e2-9736-def094fc32b1,Concord Music Hall,Chicago,,miss,false,false,no website url
caaca201-46a4-45ef-9da9-048ead037849,The Empty Bottle,Chicago,,miss,false,false,no website url
0e58d500-4ae3-4515-8392-895551e439a3,Subterranean,Chicago,,miss,false,false,no website url
d3144dfb-8c07-42e7-b745-633b4a7fea39,Sound Bar - Chicago,Chicago,,miss,false,false,no website url
b3967c9d-fa38-46af-aa0d-05d1a4bfbf5e,Credit Union 1 Arena at UIC,Chicago,https://www.ticketmaster.com/credit-union-1-arena-at-uic-tickets-chicago/venue/32831,miss,false,false,"aggregator page, no usable image"
ba104ebe-7d76-4af9-a0b1-f4efdec13ba9,Foundation Room at House of Blues Chicago,Chicago,https://www.ticketmaster.com/foundation-room-at-house-of-blues-tickets-chicago/venue/33263,miss,false,false,"aggregator page, no usable image"
0a1489f0-b969-4e2b-bf09-f0009e43652e,Bohemian Nat'l Cemetery (Outside),Chicago,https://www.ticketweb.com/venue/bohemian-natl-cemetery-outside-chicago-il/255154,hit,true,false,aggregator: image only
881af6f9-a16e-4fe3-8bdf-b06c0f75f90a,Mass Bay Lines Music City Queen,Boston,https://www.ticketweb.com/venue/mass-bay-lines-music-city-queen-boston-ma/512165,hit,true,false,aggregator: image only
ef86a873-68ab-4a49-8047-6d38fc44ff97,Curtis Culwell Center,Dallas,,miss,false,false,no website url
8dcb55b8-2918-41f7-a0db-803c75f548c1,Mountain Park Church,Phoenix,https://www.ticketweb.com/venue/mountain-park-church-phoenix-az/651643,hit,true,false,aggregator: image only
fd71ab6a-0676-4463-86d7-cbc0cf6a6385,The Collective: Grand Ballroom,Houston,https://www.ticketmaster.com/the-collective-grand-ballroom-tickets-houston/venue/476419,miss,false,false,"aggregator page, no usable image"
41dfae41-f99f-4d93-be18-892d8e118e8e,The End - Houston,Houston,,miss,false,false,no website url
bb46658f-d63a-446e-ab08-f9e2aac3a490,Gas South Theater,Atlanta,https://www.ticketmaster.com/gas-south-theater-tickets-duluth/venue/114699,miss,false,false,"aggregator page, no usable image"
5108cfb5-145a-4a7c-8348-82398db1b7c1,Truist Park,Atlanta,https://www.ticketmaster.com/truist-park-tickets-atlanta/venue/115786,miss,false,false,"aggregator page, no usable image"
3e05bfad-8479-49fe-b6fe-8a09427e5516,Heuser Park,Philadelphia,,miss,false,false,no website url
317ae1b5-ce61-47c5-8178-0a4201a2045a,Marian Anderson Hall - Kimmel Center,Philadelphia,,miss,false,false,no website url
44e1dbb3-8a85-46f3-bbd6-245a61c4a83e,Subaru Park,Philadelphia,,miss,false,false,no website url
1c1ea062-94ef-4266-9f6d-3ad33b113197,Miller Theater-PA,Philadelphia,,miss,false,false,no website url
070c348f-9b5a-48cf-a462-888c0bdc874c,Chase Field,Phoenix,https://www.ticketmaster.com/chase-field-tickets-phoenix/venue/204801,miss,false,false,"aggregator page, no usable image"
6a024028-4b2c-4a01-9651-28c12ffc0629,Boch Center Shubert Theatre,Boston,https://www.ticketmaster.com/boch-center-shubert-theatre-tickets-boston/venue/8763,miss,false,false,"aggregator page, no usable image"
fa4b9b6a-5a7e-46da-8108-8883721b185c,Arrow Street Arts,Boston,https://www.ticketmaster.com/arrow-street-arts-tickets-cambridge/venue/9486,hit,true,false,aggregator: image only
8cda5e61-8a39-4634-a103-555963945e29,Bass Concert Hall,Austin,,miss,false,false,no website url
75de03fa-5536-41f6-9dc6-4f99e01ec238,Hole In The Wall,Austin,https://www.ticketweb.com/venue/hole-in-the-wall-austin-tx/759974,hit,true,false,aggregator: image only
fe84c55b-3c0c-4500-9708-b11b34e9a720,Flagstar Strand Theatre for the Performing Arts,Detroit,https://www.ticketmaster.com/flagstar-strand-theatre-for-the-performing-tickets-pontiac/venue/65568,miss,false,false,"aggregator page, no usable image"
c71d20a0-cf95-427c-8550-4ec420685603,Lincoln Factory,Detroit,https://www.ticketweb.com/venue/lincoln-factory-detroit-mi/680843,hit,true,false,aggregator: image only
bbeddeae-2e66-487f-bf9c-5055b4c48c25,The Vernors Room @ The Crofoot,Detroit,https://www.ticketweb.com/venue/the-vernors-room--the-crofoot-pontiac-mi/52954,hit,true,false,aggregator: image only
22c38e24-8f31-4094-bc28-157f02098bb7,Russell Industrial Center,Detroit,https://www.ticketmaster.com/russell-industrial-center-tickets-detroit/venue/66272,miss,false,false,"aggregator page, no usable image"
c6c7f548-dffa-4a2c-8b79-8dca9f9bcfac,Taper Auditorium,Seattle,,miss,false,false,no website url
3b22bcf1-1c3f-496c-9601-02c1311d16dc,Lumen Field,Seattle,https://www.ticketmaster.com/lumen-field-tickets-seattle/venue/123449,miss,false,false,"aggregator page, no usable image"
e78766bb-5a3f-48a1-a39f-821e89c9e638,T-Mobile Park,Seattle,https://www.ticketmaster.com/tmobile-park-tickets-seattle/venue/123209,miss,false,false,"aggregator page, no usable image"
726315fa-1e2e-4841-9b2a-6fcc0f1ce3d6,Substation,Seattle,https://www.ticketweb.com/venue/substation-seattle-wa/502185,hit,true,false,aggregator: image only
a36fa185-3d7d-4074-8768-08e8c4048bf6,Balboa Theatre,San Diego,https://www.ticketmaster.com/balboa-theatre-tickets-san-diego/venue/82668,miss,false,false,"aggregator page, no usable image"
9f139657-d2c5-4117-a6fe-0b4ef2c6a536,Waterfront Park - San Diego,San Diego,,miss,false,false,no website url
033f99d5-2c82-4239-97a5-c44229a32962,Seminole Hard Rock Tampa Event Center,Tampa,https://www.ticketmaster.com/seminole-hard-rock-tampa-event-center-tickets-tampa/venue/107701,miss,false,false,"aggregator page, no usable image"
73ac8666-41fa-4c46-a2d9-18f7efd7fe13,The Rabbit Hole,Charlotte,,miss,false,false,no website url
12437dc3-5409-4720-a22f-2f2765698f87,Busch Stadium,St. Louis,https://www.ticketmaster.com/busch-stadium-tickets-saint-louis/venue/50442,miss,false,false,"aggregator page, no usable image"
3ea70dd9-79b4-42fd-ae18-03659c9cf2a1,Atomic Block Party,St. Louis,https://www.ticketweb.com/venue/atomic-block-party--st-louis-mo/789774,hit,true,false,aggregator: image only
7d80605f-9744-463d-82ee-9b2a045ca9be,The Hawthorn-St. Louis,St. Louis,,miss,false,false,no website url
ee3e8d34-bf90-4424-b13e-a7be4510077e,The Social,Orlando,,miss,false,false,no website url
fc5559ec-9994-4f6a-949d-1c72d2969912,Thirsty Horse Saloon,San Antonio,https://www.ticketweb.com/venue/thirsty-horse-saloon-san-antonio-tx/653833,hit,true,false,aggregator: image only
e9a2b56f-9ae5-4aea-9bc0-8e306488e9ab,Hard Rock Cafe - San Antonio,San Antonio,https://www.ticketweb.com/venue/hard-rock-cafe--san-antonio-san-antonio-tx/448505,hit,true,false,aggregator: image only
42037146-ff0b-450a-af4f-150afaac26fa,Polaris Hall,Portland,,miss,false,false,no website url
367e70f9-363c-4dae-8624-63d73a1e6224,McMenamins Grand Lodge,Portland,https://www.ticketmaster.com/mcmenamins-grand-lodge-tickets-forest-grove/venue/123418,miss,false,false,"aggregator page, no usable image"
9fa09ba0-1517-41ae-9766-db6ec4270a3a,Veterans Memorial Coliseum,Portland,https://www.ticketmaster.com/veterans-memorial-coliseum-tickets-portland/venue/123041,miss,false,false,"aggregator page, no usable image"
cb340473-6229-4a2d-be81-afe74d5ad854,Hops Ballpark,Portland,https://www.ticketmaster.com/hops-ballpark-tickets-hillsboro/venue/124082,miss,false,false,"aggregator page, no usable image"
69a19dd2-56cf-4166-91f3-5c699bc0e709,F.N.B. Stadium,Pittsburgh,https://www.ticketmaster.com/fnb-stadium-tickets-pittsburgh/venue/180985,miss,false,false,"aggregator page, no usable image"
555efc90-0c65-44e6-9a4a-d56a630e005b,SAFE Credit Union Performing Arts Center,Sacramento,https://www.ticketmaster.com/safe-credit-union-performing-arts-center-tickets-sacramento/venue/230102,miss,false,false,"aggregator page, no usable image"
c4bf92e5-17ac-498f-b198-114e9b969983,Harlow's,Sacramento,https://www.ticketweb.com/venue/harlows-sacramento-ca/418425,hit,true,false,aggregator: image only
2b90c78d-34e3-4396-ab20-37787658ba43,XS Nightclub at Wynn Las Vegas,Las Vegas,,miss,false,false,no website url
b338f5fb-da5a-4ea7-a26d-6f9bfbe759e0,Sunset Station Outdoor Amphitheater,Las Vegas,https://www.ticketmaster.com/sunset-station-outdoor-amphitheater-tickets-henderson/venue/189261,miss,false,false,"aggregator page, no usable image"
3bc57d33-6ec2-4220-86b4-b3968e811b3e,PNC PAVILION,Cincinnati,https://www.ticketmaster.com/pnc-pavilion-tickets-cincinnati/venue/180868,miss,false,false,"aggregator page, no usable image"
b54e3b3d-5d45-49cc-adc7-faf605297066,Turfway Park,Cincinnati,https://www.ticketmaster.com/turfway-park-tickets-florence/venue/180880,miss,false,false,"aggregator page, no usable image"
7b96a510-0b27-427f-a7c3-6501475027fc,Azura Amphitheater,Kansas City,https://www.ticketmaster.com/azura-amphitheater-tickets-bonner-springs/venue/49168,miss,false,false,"aggregator page, no usable image"
b69f580a-2b54-4fb1-98cc-1310095e31d0,Lemonade Park,Kansas City,https://www.ticketmaster.com/lemonade-park-tickets-kansas-city/venue/50817,miss,false,false,"aggregator page, no usable image"
b10b3d00-9079-4119-9f77-001292597eaf,Three Weavers Brewing Company,Los Angeles,https://www.threeweavers.la,hit,true,true,
50d308c2-8dbe-482e-b650-64a82fc2e1f9,"Circle Line Cruises, Pier 83",New York,https://www.ticketmaster.com/circle-line-cruises-pier-83-tickets-new-york/venue/237782,miss,false,false,"aggregator page, no usable image"
1d341a5f-f440-4e07-af8b-045b7129d048,Sugar Mouse,New York,https://www.ticketweb.com/venue/sugar-mouse-new-york-ny/787974,hit,true,false,aggregator: image only
6cc52e9f-1bb4-4396-8de0-4e67eec34c39,Carro Café of Union City,New York,https://www.ticketmaster.com/carro-cafe-of-union-city-tickets-union-city/venue/1530,miss,false,false,"aggregator page, no usable image"
bc144c65-0352-4379-bb16-42112198027a,BRIC Celebrate Brooklyn! at the Lena Horne Bandshell,New York,https://www.ticketmaster.com/bric-celebrate-brooklyn-at-the-lena-tickets-brooklyn/venue/804,miss,false,false,"aggregator page, no usable image"
46f82b33-01a5-4684-905e-93c4e028e5b9,Garden Theater at Midtown,Detroit,https://www.ticketweb.com/venue/garden-theater-at-midtown-detroit-mi/265624,hit,true,false,aggregator: image only
3926db01-3012-4a76-9d99-717537938551,Hollywood Improv (The Lab),Los Angeles,https://www.ticketweb.com/venue/hollywood-improv-the-lab-hollywood-ca/431725,hit,true,false,aggregator: image only
880d9003-3d2e-4e0c-adc2-6db9f8e9bd4d,Mayan Theater,Los Angeles,https://www.ticketmaster.com/mayan-theater-tickets-los-angeles/venue/73910,miss,false,false,"aggregator page, no usable image"
501e9cd2-861f-485b-b1d9-f6a6d42dcf19,Incahoots - Fullerton,Los Angeles,https://www.ticketmaster.com/incahoots-fullerton-tickets-fullerton/venue/74377,miss,false,false,"aggregator page, no usable image"
47dfc6c8-54f6-433d-84d8-771ccdd4b1ff,The Ritz Ybor,Tampa,https://www.ticketmaster.com/the-ritz-ybor-tickets-tampa/venue/106852,miss,false,false,"aggregator page, no usable image"
f63a758f-8293-46b7-a0f7-086c152a57b5,Ray Charles Terrace at GRAMMY Museum L.A. Live,Los Angeles,https://www.ticketmaster.com/ray-charles-terrace-at-grammy-museum-tickets-los-angeles/venue/360496,miss,false,false,"aggregator page, no usable image"
87da8727-f400-4d83-9158-539979ae2ff3,Tack Room,Chicago,https://www.ticketweb.com/venue/tack-room-chicago-il/425695,hit,true,false,aggregator: image only
88169ca0-091c-4e7d-95a9-0088f08046f4,FitzGerald's,Chicago,https://www.ticketweb.com/venue/fitzgeralds-berwyn-il/32814,hit,true,false,aggregator: image only
cbf4c250-8829-46cd-8640-2503d2acbd2d,Margot and Bill Winspear Opera House,Dallas,,miss,false,false,no website url
58bbca73-2618-47f1-8ca2-36034a3a4798,Winters,Houston,https://www.ticketweb.com/venue/winters-pasadena-tx/648973,hit,true,false,aggregator: image only
4728dc97-dcb7-4056-b749-b81b074edeb9,Northwest Stadium,Washington,,miss,false,false,no website url
d8d11c2d-87ad-4ebf-8836-88e99ba8e219,The Vault at Capital One Hall,Washington,https://www.ticketmaster.com/the-vault-at-capital-one-hall-tickets-tysons/venue/172711,miss,false,false,"aggregator page, no usable image"
1107e82e-cfa9-4444-8b68-35a430fa46a5,Cornerstone - CA,San Francisco,,miss,false,false,no website url
fe1ee2d4-75bc-4789-b738-283466f9db05,Lager House,Detroit,https://www.ticketweb.com/venue/lager-house-detroit-mi/217625,hit,true,false,aggregator: image only
7674e4b6-9f11-4c9f-9fa1-3a2d5b3bcabb,Pantages Theater,Seattle,https://www.ticketmaster.com/pantages-theater-tickets-tacoma/venue/122979,miss,false,false,"aggregator page, no usable image"
e5cebae3-5260-4ccd-ba63-6098a0e6fb76,The Hall at Live!,Baltimore,,miss,false,false,no website url
97846312-6490-41cc-8fe4-00e8ce3a5ad4,Atomic Lounge,St. Louis,https://www.ticketweb.com/venue/atomic-lounge-st-louis-mo/756154,hit,true,false,aggregator: image only
30a628a8-fa6e-45cc-b03a-604b2af9215e,River City Casino & Hotel,St. Louis,https://www.ticketmaster.com/river-city-casino-hotel-tickets-saint-louis/venue/50523,miss,false,false,"aggregator page, no usable image"
e17b4672-111a-4392-a1a0-49b72069a5f3,The Dome at America's Center,St. Louis,https://www.ticketmaster.com/the-dome-at-americas-center-tickets-saint-louis/venue/49621,miss,false,false,"aggregator page, no usable image"
dfee9c9a-831e-407b-9128-aeea070f262d,Dr Phillips Center for the Performing Arts,Orlando,https://www.ticketmaster.com/dr-phillips-center-for-the-performing-tickets-orlando/venue/278672,miss,false,false,"aggregator page, no usable image"
1447ea11-8d83-43b7-8eda-34618c27a1df,The Get Down Music Venue,Portland,,miss,false,false,no website url
6096a9d9-53a1-4c85-adf2-3aa46f476928,McMenamins Mission Theater,Portland,https://www.ticketweb.com/venue/mcmenamins-mission-theater-portland-or/559568,hit,true,false,aggregator: image only
bba46fdc-0c12-4246-8954-da826e731ed2,The Mohawk-Austin,Austin,,miss,false,false,no website url
2f59d2a9-5e40-4f4b-8038-6a5d469572b8,SACRAMENTO MEMORIAL AUDITORIUM,Sacramento,https://www.ticketmaster.com/sacramento-memorial-auditorium-tickets-sacramento/venue/229878,miss,false,false,"aggregator page, no usable image"
d2812860-de8e-4058-a789-63a919bb5581,Reynolds Hall,Las Vegas,,miss,false,false,no website url
27752912-e96d-47f6-b34e-bdc906d810e2,Substance,Las Vegas,,miss,false,false,no website url
4a38666a-f542-4592-b3fc-0c12a5f21ed8,Muriel Kauffman Theatre-Kauffman PAC,Kansas City,,miss,false,false,no website url
1e62c547-ed23-49dd-8ad2-f964777461f7,Kingdom,New York,https://www.ticketmaster.com/kingdom-tickets-phoenix/venue/337579,miss,false,false,"aggregator page, no usable image"
32569bf7-a27e-4f1d-b48a-b442ff0eaaa7,Dixon Place,New York,https://dixonplace.org/,miss,false,false,no usable og/meta tags
5be13d10-f6d8-4079-88c3-376a6248f393,Capital One City Parks Foundation SummerStage,New York,https://www.ticketmaster.com/capital-one-city-parks-foundation-summerstage-tickets-new-york/venue/21,miss,false,false,"aggregator page, no usable image"
5867e4e4-864b-45e1-a024-a8b4e8c15793,Cat's Eye Pub,Baltimore,https://www.catseyepub.com,miss,false,false,no usable og/meta tags
52a4d38a-2479-4afe-a06a-ef081b9f795f,BrownstoneJAZZ,New York,https://www.ticketweb.com/venue/brownstonejazz-brooklyn--ny/417015,hit,true,false,aggregator: image only
bf553dfd-1dbb-4d84-a7fd-0dd53801e459,Stern Auditorium / Perelman Stage at Carnegie Hall,New York,,miss,false,false,no website url
875df636-4625-4f32-984c-92158f35e084,Yankee Stadium,New York,https://www.ticketmaster.com/yankee-stadium-tickets-bronx/venue/237572,miss,false,false,"aggregator page, no usable image"
125f7d11-47b5-40e0-8dc8-85b2563ca99e,Valley Bar,Phoenix,https://www.ticketweb.com/venue/valley-bar-phoenix-az/462065,hit,true,false,aggregator: image only
38c6164f-bb03-40e0-a1ce-785014ca9cf4,Dallas Comedy Club,Dallas,https://dallas-comedyclub.com,hit,true,true,
9faf4f4a-9418-4d75-b93c-a1c3cb70fd5f,Hill Country Live,New York,https://www.ticketweb.com/venue/hill-country-live-new-york-ny/425605,hit,true,false,aggregator: image only
c8a991d8-25ff-4937-b92b-f5d9016a22f3,Celis Brewery,Austin,https://www.celisbeers.com/,hit,true,true,
a95fa587-8420-40c9-b691-9cffe5b9a4e3,Blue Note Jazz Club - NY,New York,,miss,false,false,no website url
93dda066-f772-4fdf-92a5-ce55c6f4c751,The Big Room,New York,https://www.ticketweb.com/venue/the-big-room-grand-rapids-mi/720373,hit,true,false,aggregator: image only
0563e957-0a09-4525-890e-f8bf9abb4e7d,Hyena's Comedy Nightclub,Dallas,https://www.hyenascomedynightclub.com/dallas,hit,true,true,
f7920a73-2481-44b7-b7df-9fba3d542dfc,Bleecker Bell,New York,https://www.ticketweb.com/venue/bleecker-bell-new-york-ny/733573,hit,true,false,aggregator: image only
d2798340-d26c-4fd6-9c76-f17c3de8467b,The Rady Shell at Jacobs Park,San Diego,,miss,false,false,no website url
b486e6da-f83a-4ca7-af7f-4ba7476429cb,Common Pub Detroit,Detroit,https://commonpubdetroit.com,hit,true,false,
a4827eef-1e9b-4a21-8281-74e21b145f6b,The Hamilton Live,Washington,https://live.thehamiltondc.com,hit,true,true,
aa8e7160-28c3-4767-9018-5ee20720f450,Garden Amphitheatre,Los Angeles,https://www.ticketweb.com/venue/garden-amphitheatre-garden-grove-ca/434095,hit,true,false,aggregator: image only
83ec554d-e911-423d-bab3-8caee2c6c965,Timucua Arts Foundation,Orlando,https://timucua.com,miss,false,false,no usable og/meta tags
116383cb-45fd-422c-83ac-e31f904cd8d9,DC Comedy Loft,Washington,https://www.dccomedyloft.com,hit,true,false,
042b0c92-2425-4a13-975e-281d15cefe74,Hamburger Mary's - West Hollywood,Los Angeles,https://www.ticketmaster.com/hamburger-marys-west-hollywood-tickets-west-hollywood/venue/74852,miss,false,false,"aggregator page, no usable image"
40e3b912-41a7-4830-b2cc-88938178f0c4,The Arrow Room,Los Angeles,https://www.ticketweb.com/venue/the-arrow-room-rancho-cucamonga-ca/719473,hit,true,false,aggregator: image only
dd839896-c8d9-4e7b-b17d-490577f7543f,Transplants Brewing Company,Los Angeles,https://www.ticketweb.com/venue/transplants-brewing-company-palmdale-ca/499645,hit,true,false,aggregator: image only
39eb7868-0f52-41da-93ea-e9fd38ec1eba,Greek Theatre,Los Angeles,https://www.ticketmaster.com/greek-theatre-tickets-los-angeles/venue/73753,miss,false,false,"aggregator page, no usable image"
8369be3b-6d26-4b22-b2d6-51df1ea1ec3d,Kickstand Comedy,Portland,https://www.kickstandcomedy.org/,hit,true,true,
e4ca7b04-1a80-41c6-8152-14f8b019b6a8,Lucky Strike Hollywood,Los Angeles,https://www.ticketweb.com/venue/lucky-strike-hollywood-hollywood-ca/727853,hit,true,false,aggregator: image only
08dd5f93-f18f-43c5-af56-e73e10f9022f,Blueberry Hill,St. Louis,https://blueberryhill.com,hit,true,true,
7fc59a8a-d09a-4791-9b75-91138c797e53,Poor David's Pub,Dallas,https://poordavidspub.com,miss,false,false,fetch failed
fe54cb7e-b63f-4291-9960-2818959e31a9,Nikki Lopez Philly,Philadelphia,https://www.ticketweb.com/venue/nikki-lopez-philly-philadelphia-pa/680963,hit,true,false,aggregator: image only
b4f5d676-60b9-49b7-8249-6ab68d81f408,Echoplex,Los Angeles,https://www.ticketmaster.com/echoplex-tickets-los-angeles/venue/74535,miss,false,false,"aggregator page, no usable image"
b63d585d-6237-460e-8072-385d9059d335,The Music Center's Walt Disney Concert Hall,Los Angeles,https://www.ticketmaster.com/the-music-centers-walt-disney-concert-tickets-los-angeles/venue/90273,miss,false,false,"aggregator page, no usable image"
c9ce713c-7581-4bff-9da3-4f34ac4d8fec,Cerritos Center for the Performing Arts,Los Angeles,https://www.ticketmaster.com/cerritos-center-for-the-performing-arts-tickets-cerritos/venue/90443,miss,false,false,"aggregator page, no usable image"
52d9f6be-45dd-4755-9633-0b88c464e730,Rhizome DC,Washington,https://www.rhizomedc.org,hit,true,false,
a8283602-bf0d-43d9-9815-131b1a600659,Texas Theatre,Dallas,https://thetexastheatre.com,miss,false,false,no usable og/meta tags
474b6854-dd93-4163-b142-44693f0ba18f,The Renberg Theatre,Los Angeles,https://www.ticketmaster.com/the-renberg-theatre-tickets-los-angeles/venue/74901,miss,false,false,"aggregator page, no usable image"
289c5d1d-9233-41e2-a027-73dd0cd1b97d,Sam's Town Point,Austin,https://samstownpoint.com/,hit,true,true,
a2944be7-f91f-4a22-822e-e521b9dcacf3,Das Bevo,St. Louis,https://www.dasbevo.com,hit,true,true,
e94e9237-7349-45d7-81db-637b975a8b6d,Tulips FTW,Dallas,https://tulipsftw.com,hit,true,false,
c748ffd7-5085-4552-99af-3afe9645fac6,Make-Out Room,San Francisco,http://www.makeoutroom.com/,hit,true,true,
7bf08f5e-6e1e-47d7-892a-b3b4da679790,Reggies Music Joint,Chicago,https://www.ticketmaster.com/reggies-music-joint-tickets-chicago/venue/342286,miss,false,false,"aggregator page, no usable image"
e0092cb6-84c5-4d25-9420-b0254694960b,SPACE,Chicago,https://www.ticketweb.com/venue/space-evanston-il/47754,hit,true,false,aggregator: image only
5490f715-209b-4f3d-bff5-4298aa85a24b,Reggies Bananna's Shack,Chicago,https://www.ticketmaster.com/reggies-banannas-shack-tickets-chicago/venue/343299,miss,false,false,"aggregator page, no usable image"
c3eed08e-3817-4e14-8bc6-8c07e1e97987,FITZGERALDS NIGHTCLUB,Chicago,https://www.ticketweb.com/venue/fitzgeralds-nightclub-berwyn-il/504015,hit,true,false,aggregator: image only
8f3156c9-afe7-4469-9767-9c3d1c1ad0be,Town Brewing Co.,Charlotte,https://townbrewing.com/,hit,true,false,
29b9881b-194e-409b-a81f-63eae788e2da,Johnny Brenda's,Philadelphia,https://johnnybrendas.com,hit,true,true,
e37eaffc-c18b-459e-a35b-f438c4171985,Chris' Jazz Cafe,Philadelphia,https://www.chrisjazzcafe.com,hit,true,false,
e4e6f502-47ad-41bb-a7e1-426697eea0b7,Creative Alliance,Baltimore,https://creativealliance.org,hit,false,true,
6f1f2390-8c56-47f5-814a-a8f0aee4e66f,The Salt Shed Outdoors (Fairgrounds),Chicago,https://www.ticketmaster.com/the-salt-shed-outdoors-fairgrounds-tickets-chicago/venue/33256,miss,false,false,"aggregator page, no usable image"
cdbba4cc-263b-4d08-b123-01d18afdbfb5,Kung Fu Necktie,Philadelphia,https://kungfunecktie.com,hit,false,true,
ee8f005a-4d2b-4529-ae52-ef54e7d41cef,Wrigley Field,Chicago,https://www.ticketmaster.com/wrigley-field-tickets-chicago/venue/32839,miss,false,false,"aggregator page, no usable image"
9e92db40-5780-42b4-8a9d-ad6007152590,Helium Comedy Club,Philadelphia,https://philadelphia.heliumcomedy.com,hit,true,true,
519a1372-e108-4bbb-9f25-bd09ed2eefab,The Plough and the Stars,San Francisco,https://www.theploughandstars.com/,hit,false,true,
cd6a651d-03a5-402c-9278-935a720c0522,Carol's Pub,Chicago,https://www.ticketweb.com/venue/carols-pub-chicago-il/467275,hit,true,false,aggregator: image only
8e223c6d-2983-4f86-994a-50e5d15d4c0d,Thalia Hall,Chicago,https://www.ticketweb.com/venue/thalia-hall-chicago-il/266744,hit,true,false,aggregator: image only
eb5b2f5d-0a09-4a90-8962-cde97a9a49d3,Huntington Bank Pavilion at Northerly Island,Chicago,https://www.ticketmaster.com/huntington-bank-pavilion-at-northerly-island-tickets-chicago/venue/33036,miss,false,false,"aggregator page, no usable image"
740c5798-fb94-4b41-98f6-ecf26eac162b,Ball & Chain,Miami,https://ballandchainmiami.com,hit,true,true,
ce2d82d4-0ea5-4735-877d-cfd4e03b3128,The Deluxe,San Francisco,https://thedeluxesf.com/,miss,false,false,fetch failed
21239379-a000-4f92-9ac5-aed4331da832,FITZGERALDS SIDEBAR,Chicago,https://www.ticketweb.com/venue/fitzgeralds-sidebar-berwyn-il/504035,hit,true,false,aggregator: image only
4de9a27f-6591-41a6-839c-3c58137f99b6,Roscoe's Bar & Burgers,Sacramento,https://www.roscoes916.com/,hit,true,false,
04eb59c3-3be1-4f95-9881-48bc10a70067,Songbyrd Music House,Washington,https://songbyrddc.com,hit,true,true,
e744212e-d7c5-4fb3-b9e7-a60e4f5d99f8,The Rhythm Room,Phoenix,https://rhythmroom.com,miss,false,false,no usable og/meta tags
9caf8a36-aeab-41f5-9213-b3df4e616f66,Whistle Stop Bar,San Diego,https://www.whistlestopbar.com,miss,false,false,no usable og/meta tags
5b54ab4d-5947-4fb1-a774-39fc69aeee35,Three Links Deep Ellum,Dallas,https://www.ticketweb.com/venue/three-links-deep-ellum-dallas-tx/476235,hit,true,false,aggregator: image only
07fd5f86-c6c1-4c87-8681-d5252150e2db,Dickies Arena,Dallas,https://www.ticketmaster.com/dickies-arena-tickets-fort-worth/venue/99330,miss,false,false,"aggregator page, no usable image"
0dde3e08-79e8-4391-a92f-b9835b1e07a8,Solar Myth,Philadelphia,https://solarmythbar.com,miss,false,false,no usable og/meta tags
24536d98-463c-4090-b43b-3ffa4e9423be,Fergie's Pub,Philadelphia,https://fergies.com,hit,true,false,
de7ed97e-efa5-418e-ad06-8e691b2b0eb6,White Squirrel Bar,Minneapolis,https://whitesquirrelbar.com/,hit,true,false,
2cb60473-48d5-45d7-bb57-d5707f64bd8c,Tempe Improv,Phoenix,https://www.tempeimprov.com,hit,true,false,
ac65a81b-2628-45fd-81ce-8d807ed44f71,Madam's Organ,Washington,https://madamsorgan.com,miss,false,false,no usable og/meta tags
08cbcbe9-eb4f-4271-a28d-52924e432795,Stand Up Live,Phoenix,https://phoenix.standuplive.com,hit,true,false,
b2496a94-2e8f-4b45-8db8-562daaee38f1,Reliant Arena (formerly NRG Arena),Houston,https://www.ticketmaster.com/reliant-arena-formerly-nrg-arena-tickets-houston/venue/475175,miss,false,false,"aggregator page, no usable image"
ba3e3dce-8fdd-4bae-8e02-b07096ab7514,Til-Two Club,San Diego,https://tiltwoclub.com,miss,false,false,no usable og/meta tags
9724d065-ec6c-47c1-998b-b42c08487474,Improv Comedy Club- Houston,Houston,,miss,false,false,no website url
0e08eac4-cb43-4d2e-bcb6-14e0642a91e5,The Loft,Atlanta,https://www.ticketmaster.com/the-loft-tickets-atlanta/venue/115658,miss,false,false,"aggregator page, no usable image"
6d9e57c9-ef50-4e94-9728-b49853883ace,Buckhead Theatre,Atlanta,https://www.ticketmaster.com/buckhead-theatre-tickets-atlanta/venue/114697,miss,false,false,"aggregator page, no usable image"
d4365abf-c2b0-4666-b3c3-78091651e52b,Gas South Arena,Atlanta,https://www.ticketmaster.com/gas-south-arena-tickets-duluth/venue/115298,miss,false,false,"aggregator page, no usable image"
6c6096e5-c0de-4a86-8914-5ddc642259ab,Coca-Cola Roxy,Atlanta,https://www.ticketmaster.com/cocacola-roxy-tickets-atlanta/venue/115798,miss,false,false,"aggregator page, no usable image"
2c92ec77-e453-4647-affb-66c035102278,Heist Brewery & Barrel Arts,Charlotte,https://heistbrewery.com,miss,false,false,no usable og/meta tags
0f7c3753-482c-405d-9b54-4fcb3891735f,The Atlantis,Washington,https://www.ticketmaster.com/the-atlantis-tickets-washington/venue/172698,miss,false,false,"aggregator page, no usable image"
53a93710-ee8e-4fd2-8bc6-efe2adee2248,Echostage,Washington,https://www.ticketmaster.com/echostage-tickets-washington/venue/172570,miss,false,false,"aggregator page, no usable image"
f86f28e1-545e-475c-b89c-25c4285c63e5,EagleBank Arena,Washington,https://www.ticketmaster.com/eaglebank-arena-tickets-fairfax/venue/172065,miss,false,false,"aggregator page, no usable image"
fa978dd5-c341-41b0-9019-65912a083ebb,Busboys and Poets,Washington,https://busboysandpoets.com,hit,true,true,
cef1a2cf-a425-4edf-925b-40cc45f2fb87,The Van Buren,Phoenix,https://www.ticketmaster.com/the-van-buren-tickets-phoenix/venue/205185,miss,false,false,"aggregator page, no usable image"
c27e6171-74f4-4adc-8b26-049012177af2,NOTO,Philadelphia,https://www.ticketmaster.com/noto-tickets-philadelphia/venue/17142,miss,false,false,"aggregator page, no usable image"
50784d13-d941-462e-a29c-ea68a180e994,Theatre of Living Arts,Philadelphia,https://www.ticketmaster.com/theatre-of-living-arts-tickets-philadelphia/venue/16388,miss,false,false,"aggregator page, no usable image"
7b3e036c-4248-4d70-9f27-1366e8ca634a,The Nash,Phoenix,https://thenash.org,miss,false,false,no usable og/meta tags
e8dfd370-a153-44d7-9cc9-2bfee54a9ba3,The Comedy Store La Jolla,San Diego,https://thecomedystore.com/la-jolla/,miss,false,false,og:image failed validation
8984ec6d-b064-4c38-9570-b798c9c2b63f,PhilaMOCA,Philadelphia,https://philamoca.org,hit,true,true,
ee5453bb-06d0-47fe-b6d0-bcd6a01cb31e,"Jazz, TX",San Antonio,https://www.jazztx.com/,miss,false,false,fetch failed
fc4a0575-d34c-49d2-9da5-909a0da7fb8e,Rio Las Vegas,Las Vegas,https://www.ticketmaster.com/rio-las-vegas-tickets-las-vegas/venue/467866,miss,false,false,"aggregator page, no usable image"
2f29fac0-028c-48a9-bd8e-1e8833c2b413,Neck of the Woods,San Francisco,https://www.ticketweb.com/venue/neck-of-the-woods-san-francisco-ca/521375,hit,true,false,aggregator: image only
bb853ee8-f0a9-4064-8b72-4c37b8c8e168,Feinstein's at The Nikko,San Francisco,https://www.ticketweb.com/venue/feinsteins-at-the-nikko-san-francisco-ca/251414,hit,true,false,aggregator: image only
88649359-0396-4d6d-a753-acee4e2d4a32,Crybaby,San Francisco,https://www.ticketweb.com/venue/crybaby-oakland-ca/507995,hit,true,false,aggregator: image only
994aed53-1521-4fa5-91dc-07c6d69649c2,Cafe Du Nord,San Francisco,https://www.ticketweb.com/venue/cafe-du-nord-san-francisco-ca/17555,hit,true,false,aggregator: image only
318b9c1e-17f1-4006-8a31-435eea35d979,Greek Theatre-U.C. Berkeley,San Francisco,https://www.ticketmaster.com/greek-theatreuc-berkeley-tickets-berkeley/venue/229421,miss,false,false,"aggregator page, no usable image"
d8e63e95-abaa-43f7-a932-3741a89cb238,Swedish American Hall,San Francisco,https://www.ticketweb.com/venue/swedish-american-hall-san-francisco-ca/19557,hit,true,false,aggregator: image only
6dd953dd-ddf0-4732-8c40-4951f12d4ea4,The Sanctuary Detroit,Detroit,https://www.ticketweb.com/venue/the-sanctuary-detroit-hamtramck-mi/461685,hit,true,false,aggregator: image only
06ea407a-9f94-4824-8847-aca4401ef6a7,TSDMAAC (Confessional),Detroit,https://www.ticketweb.com/venue/tsdmaac-confessional-detroit-mi/791004,hit,true,false,aggregator: image only
25066ffc-d600-4218-8c8f-6b804b9b2833,District 142,Detroit,https://www.ticketweb.com/venue/district-142-wyandotte-mi/524145,hit,true,false,aggregator: image only
bace21b9-7522-408b-8c07-bebd653b908c,Changing Hands Bookstore,Phoenix,https://www.changinghands.com,hit,true,true,
9f56ba18-4b04-4e45-b35a-c3742e8d80a5,Aretha's Jazz Cafe,Detroit,https://jazzcafedetroit.com,miss,false,false,no usable og/meta tags
df949691-093a-404e-8e97-ae94ee0ef394,An die Musik Live,Baltimore,https://www.andiemusiklive.com,miss,false,false,no usable og/meta tags
6448198d-bb5b-4bac-8c3c-b48955d1e5af,Tractor,Seattle,https://www.ticketweb.com/venue/tractor-seattle-wa/18807,hit,true,false,aggregator: image only
caec66c1-266e-4ee7-bc3b-dc5a5b579fba,Baba Yaga,Seattle,https://www.ticketweb.com/venue/baba-yaga-seattle-wa/718173,hit,true,false,aggregator: image only
eeb3beea-562b-449e-bf4d-ffe897c2d72f,Clock-Out Lounge,Seattle,https://www.ticketweb.com/venue/clockout-lounge-seattle-wa/495665,hit,true,false,aggregator: image only
65e299f7-8dd9-4ead-a651-af1273f3971d,Chop Suey,Seattle,https://www.ticketweb.com/venue/chop-suey-seattle-wa/19270,hit,true,false,aggregator: image only
b94f049a-b800-49dc-9d6d-56f024b2422f,Woodland Park Zoo,Seattle,,miss,false,false,no website url
442b338a-d03d-490e-8936-a7b15fa8af68,The Fremont Abbey,Seattle,https://www.ticketweb.com/venue/the-fremont-abbey-seattle-wa/498205,hit,true,false,aggregator: image only
82fb10f8-6519-4564-b33b-ed4e5bdd9d6b,Muckleshoot Casino Events Center,Seattle,https://www.ticketmaster.com/muckleshoot-casino-events-center-tickets-auburn/venue/123987,miss,false,false,"aggregator page, no usable image"
0a1871ed-dd62-4e22-bdef-50fd8f11b418,House of Blues San Diego,San Diego,https://www.ticketmaster.com/house-of-blues-san-diego-tickets-san-diego/venue/82551,miss,false,false,"aggregator page, no usable image"
7eeba456-8b79-4c86-a376-4f87ea0decc2,Humphreys Concerts By the Bay,San Diego,https://www.ticketmaster.com/humphreys-concerts-by-the-bay-tickets-san-diego/venue/81964,miss,false,false,"aggregator page, no usable image"
46914a3d-95ef-4581-b2e7-dea13e8e54b7,The Skatepark of Tampa,Tampa,https://www.ticketweb.com/venue/the-skatepark-of-tampa-tampa-fl/448785,hit,true,false,aggregator: image only
3abed1dc-0f92-4cc2-9bc1-09324b87b5b0,Tattooed Mom,Philadelphia,https://www.tattooedmomphilly.com,miss,false,false,no usable og/meta tags
546bf482-042a-4964-b111-9b275879e29c,Ophelia's Electric Soapbox,Denver,https://www.ticketmaster.com/ophelias-electric-soapbox-tickets-denver/venue/246856,miss,false,false,"aggregator page, no usable image"
317b6e3e-e979-4bc7-8644-08e0592f9310,Fiddler's Dream Coffeehouse,Phoenix,https://fiddlersdream.org,hit,true,true,
61601b78-3618-440e-8ecb-6620f0a03da9,The Dirty Drummer,Phoenix,https://www.thedirtydrummer.com,hit,true,true,
94c83a50-399f-4793-ad32-93c4f6e48201,Will's Pub,Orlando,https://www.ticketweb.com/venue/wills-pub-orlando-fl/30295,hit,true,false,aggregator: image only
df588a5c-cf06-472f-9ba3-bf5d357e6172,Skyla Credit Union Amphitheatre,Charlotte,https://www.ticketmaster.com/skyla-credit-union-amphitheatre-tickets-charlotte/venue/369608,miss,false,false,"aggregator page, no usable image"
947f4b21-19ee-49dd-b306-829bc8780bfa,House of Blues Orlando,Orlando,https://www.ticketmaster.com/house-of-blues-orlando-tickets-orlando/venue/279150,miss,false,false,"aggregator page, no usable image"
cd2eecbd-c3cf-4a53-8664-5bd5e6582c31,Atomic Garage,St. Louis,https://www.ticketweb.com/venue/atomic-garage-st-louis-mo/660573,hit,true,false,aggregator: image only
553f88c6-59ab-4128-ba09-a5305e65ae0a,Bank of America Stadium,Charlotte,https://www.ticketmaster.com/bank-of-america-stadium-tickets-charlotte/venue/368876,miss,false,false,"aggregator page, no usable image"
28505fbd-5d4e-4fb5-ab68-0fca7cc20f2c,The Underground,Charlotte,https://www.ticketmaster.com/the-underground-tickets-charlotte/venue/369736,miss,false,false,"aggregator page, no usable image"
ef88233d-c4a7-44e3-8fe3-b91a76631932,The Womack,Phoenix,https://www.thewomack.us,hit,true,false,
a3c68b69-901a-4156-8928-3fde4c23b221,Lagniappe,Miami,http://lagniappehouse.com,hit,true,true,
ace14a28-13f4-4b6c-a926-84065c1a9d9e,Miami Improv,Miami,https://miamiimprov.com,hit,true,false,
29ab61d7-3bec-4265-ac8b-32cf398e6f13,Neighborhood Theatre Main Room,Charlotte,https://www.ticketmaster.com/neighborhood-theatre-main-room-tickets-charlotte/venue/368972,miss,false,false,"aggregator page, no usable image"
c0cc9ba1-15a1-4b5a-909f-deb1cec7b11d,Villain Theater,Miami,https://www.villaintheater.com,hit,true,true,
5e72fac8-fcd9-482a-9084-60a69bc01bcb,Dante's,Portland,https://www.ticketweb.com/venue/dantes-portland-or/21124,hit,true,false,aggregator: image only
c7cd54a9-334a-4191-9f85-422531ca91a0,Star Theater,Portland,https://www.ticketweb.com/venue/star-theater-portland-or/416755,hit,true,false,aggregator: image only
81d3fa2e-267b-4649-a464-f72ccc495fd4,Showdown Saloon,Portland,https://www.ticketweb.com/venue/showdown-saloon-portland-or/533425,hit,true,false,aggregator: image only
1f3cf9fa-3af9-4cd6-844d-e1cefc7d283f,Jack London Revue,Portland,https://www.ticketweb.com/venue/jack-london-revue-portland-or/439545,hit,true,false,aggregator: image only
06c8491a-f456-4fd7-a3cc-66ee7b1a5820,White Eagle Saloon and Hotel,Portland,,miss,false,false,no website url
bd1b5967-49bd-468f-964c-e0affc11723d,Copper Blues Live,Phoenix,https://copperblueslive.com,hit,false,true,
3d71612a-1fdf-4a7a-81dc-674533d9dd62,H-E-B Center at Cedar Park,Austin,https://www.ticketmaster.com/heb-center-at-cedar-park-tickets-cedar-park/venue/475948,miss,false,false,"aggregator page, no usable image"
e4fec17a-0c43-438c-a0af-7aa46a761536,The Venue at Thunder Valley Casino Resort,Sacramento,https://www.ticketmaster.com/the-venue-at-thunder-valley-casino-tickets-lincoln/venue/230121,miss,false,false,"aggregator page, no usable image"
9efcbb30-99f9-43dd-bf16-fbf2ebb81925,Petersen Events Center,Pittsburgh,https://www.ticketmaster.com/petersen-events-center-tickets-pittsburgh/venue/180764,miss,false,false,"aggregator page, no usable image"
77613aa2-7350-47a3-9e22-e4c53ba18b3d,LauderAle Brewery,Miami,https://www.lauderale.co,miss,false,false,fetch failed
2237cd55-b643-40e9-bc9d-12b4839517cd,Club Cafe,Pittsburgh,https://www.ticketweb.com/venue/club-cafe-pittsburgh-pa/23219,hit,true,false,aggregator: image only
d943bca3-754c-4aef-89f6-e63a34a93312,Brooklyn Bowl Las Vegas,Las Vegas,https://www.ticketmaster.com/brooklyn-bowl-las-vegas-tickets-las-vegas/venue/189420,miss,false,false,"aggregator page, no usable image"
db2c08df-16e3-4d69-88ab-95fc7f12c37b,Laugh Factory at Horseshoe Las Vegas,Las Vegas,https://www.ticketmaster.com/laugh-factory-at-horseshoe-las-vegas-tickets-las-vegas/venue/467871,miss,false,false,"aggregator page, no usable image"
5a1541d6-8659-4929-a99c-e19495717b38,Hard Rock Cafe Las Vegas,Las Vegas,https://www.ticketweb.com/venue/hard-rock-cafe-las-vegas-las-vegas-nv/189164,hit,true,false,aggregator: image only
ac845670-365c-4eb6-8eef-72e26a0f80f1,The Rotunda,Philadelphia,https://therotunda.org,miss,false,false,og:image failed validation
78409f30-780e-4613-94ba-a71433462483,The Southgate House Revival - Sanctuary,Cincinnati,https://www.ticketweb.com/venue/the-southgate-house-revival--sanctuary-newport-ky/225534,hit,true,false,aggregator: image only
c0d258e8-37cc-4a7e-8173-75098b50f9e0,"Westside Blues, Jazz & More",Phoenix,https://westsideblues.com,miss,false,false,no usable og/meta tags
34a07958-910c-4638-b160-9608bc0d4c3b,The Betsy Hotel Jazz,Miami,https://www.thebetsyhotel.com,hit,false,true,
3e0cab56-72b5-47d5-8545-4f39f390f4f8,City Winery Philadelphia,Philadelphia,https://citywinery.com/philadelphia,miss,false,false,fetch failed
ffbd416f-b37d-4d8f-955d-cfc19f0d3fb8,Stable Hall,San Antonio,https://www.stablehall.com/,hit,true,true,
c7278617-684a-4fdc-82d7-b92cbfbdbc8c,Madrid Theatre,Kansas City,https://www.ticketmaster.com/madrid-theatre-tickets-kansas-city/venue/49836,miss,false,false,"aggregator page, no usable image"
8a0ee891-dc88-4f71-831b-59a4b9308664,Miami Beach Bandshell,Miami,https://www.miamibeachbandshell.com,miss,false,false,no usable og/meta tags
08421f7f-2374-42fb-9a17-344d28366d77,Tripping Animals Brewing,Miami,https://trippinganimals.com,hit,true,true,
5e382bb0-71be-4527-9158-07cca2dc04f9,Kremwerk,Seattle,https://www.kremwerk.com,miss,false,false,no usable og/meta tags
4378a35d-41b0-4d9a-af2c-8703a3c918d3,Icehouse,Minneapolis,https://www.icehousempls.com/,hit,true,false,
9b5ef09a-6ba2-41e1-ba73-798ed863e031,Trinosophes,Detroit,https://www.trinosophes.com,hit,true,false,
6128402a-8b33-4a19-92f8-5cd491910ff2,MOTR Pub,Cincinnati,https://www.motrpub.com/,miss,false,false,no usable og/meta tags
e7ba8543-2a4c-4538-bfab-2af435f63c4c,Blue Strawberry Showroom & Lounge,St. Louis,https://bluestrawberrystl.com,hit,true,true,
40193562-a7b6-463f-9aa2-2841a19069c1,The Hook and Ladder Theater,Minneapolis,https://thehookmpls.com/,hit,true,true,
9fcbd94a-9d8a-4cf5-b08d-847aab501496,Wiedemann's Brewery & Taproom,Cincinnati,https://wiedemannsfinebeer.com/,hit,true,true,
c2f92617-b676-40bc-9729-19c9b1e1a58c,Cliff Bell's,Detroit,https://cliffbells.com,miss,false,false,no usable og/meta tags
fc724c27-102b-4388-8604-5ee7fae416b0,Union Craft Brewing,Baltimore,https://www.unioncraftbrewing.com,hit,true,true,
b48f15ae-2d4b-4040-89bf-02bafe765c21,Comedy Works Downtown,Denver,https://comedyworks.com,hit,false,true,
db758fd4-e3fe-4c54-b2e1-f38f632b0693,Berlin,Minneapolis,https://www.berlinmpls.com/,hit,true,true,
0825c465-c254-4dc8-9db4-292117f52427,Dirty Dog Jazz Cafe,Detroit,https://dirtydogjazz.com,hit,true,true,
9a21bf7e-38fa-44fb-b9f5-73783babf57e,Constellation,Chicago,https://www.constellation-chicago.com,hit,false,true,
e3a1355c-3176-43a6-857e-608f7e555fe9,RISE Comedy,Denver,https://risecomedy.com,hit,true,true,
94185340-8b5d-4938-9361-9b8b214bb4ce,Buddy Guy's Legends,Chicago,https://buddyguy.com,hit,true,true,
0c1a0ba1-07a4-409c-b5d9-a0d9b15d3e69,The Hotel Cafe,Los Angeles,https://www.hotelcafe.com,miss,false,false,no usable og/meta tags
edc5ce94-e522-4ac2-98e1-77535de69f8a,Egan's Ballard Jam House,Seattle,http://ballardjamhouse.com,miss,false,false,no usable og/meta tags
aa96bdce-d278-478b-8807-c4f7914f4f60,Central Saloon,Seattle,https://centralsaloon.com,miss,false,false,fetch failed
ca0467f4-0a3f-4204-8d7b-73a165bc15a1,Hi-Dive,Denver,https://www.hi-dive.com,hit,true,true,
d03274fe-a3dc-4fc1-b3ae-7019cc0f6519,Arcade Comedy Theater,Pittsburgh,https://www.arcadecomedytheater.com/,hit,true,false,
7d646467-f7ca-48bd-90b1-ad0104ae618c,The Royal Room,Seattle,https://theroyalroomseattle.com,miss,false,false,no usable og/meta tags
b954bea5-e270-4a85-aa0d-eb3fbfd11c02,Denver Comedy Lounge,Denver,https://denvercomedylounge.com,hit,true,true,
8be95a20-7cc1-4e26-b9be-c1f4fe557732,The Elysian Theater,Los Angeles,https://elysiantheater.com,hit,true,true,
9e4a405f-0222-448d-8519-1fb0f8c0bf05,529,Atlanta,https://529atlanta.com/,miss,false,false,no usable og/meta tags
342611c6-04df-4e03-84c4-ae7389b6ddbb,American Comedy Co.,San Diego,https://americancomedyco.com,hit,true,true,
a5d040d4-8669-460c-b7a4-b7a2a39bb5a7,Continental Club,Austin,https://continentalclub.com/,hit,true,true,
f4035d25-f441-4c52-8b7c-7896d94b11af,Green Mill Cocktail Lounge,Chicago,https://greenmilljazz.com,miss,false,false,no usable og/meta tags
7580c516-c46e-4f56-80cd-19013da9b479,Dazzle Denver,Denver,https://www.dazzledenver.com,hit,false,true,
77b1795a-9e86-4d92-a965-e8068b4af1ac,The Hideout,Chicago,https://hideoutchicago.com,hit,true,true,
25c93392-6430-44eb-aff9-bd4948a2532f,Nocturne Jazz & Supper Club,Denver,https://nocturnejazz.com,miss,false,false,fetch failed
57597688-d3ce-40d4-ab8c-36302f6a29d7,Cactus Cafe,Austin,https://cactuscafe.org/,hit,false,true,
821e96cb-ef58-4b85-ba31-4b2d93950238,The Whistler,Chicago,https://whistlerchicago.com,hit,true,false,
8ce6f6d3-f571-4e4c-baff-b39d9dd71742,Hungry Brain,Chicago,https://hungrybrainchicago.com,hit,false,true,
a1d71f21-fc7c-4486-8528-570f98446168,The Cedar Cultural Center,Minneapolis,https://www.thecedar.org/,hit,true,false,
a6a89e62-8b2a-43d6-a6c5-9a9c849e037c,The Underline,Miami,https://www.theunderline.org,hit,true,true,
c803c82b-f11b-47fc-8dfd-ed2692c030b7,3 Daughters Brewing,Tampa,https://3dbrewing.com,miss,false,false,no usable og/meta tags
3996e8cf-817c-432c-9060-78fe6863ec10,Elastic Arts,Chicago,https://www.elasticarts.org,hit,true,true,
5d80f405-90e1-45e6-83c9-f77be1028397,Broken Spoke,Austin,https://www.brokenspokeaustintx.net/,hit,true,true,
cfecbd3d-3555-44d0-aa80-63652ed2ff23,The Triple Door,Seattle,https://www.thetripledoor.net,hit,false,true,
3baa5aab-993c-417a-a820-0badd7601b55,Elephant Room,Austin,https://elephantroom.com/,hit,true,true,
3f918391-5b2b-4564-96c1-e45df6c45b89,The Government Center,Pittsburgh,https://www.thegovernmentcenter.com/,hit,true,true,
539ac4d7-de44-4e9e-987c-032a1375681a,Old Town School of Folk Music,Chicago,https://www.oldtownschool.org,hit,true,true,
953f00b0-e241-46a6-80ba-ac6adfd2eddb,Rosa's Lounge,Chicago,https://www.rosaslounge.com,hit,true,false,
8bba6f54-460c-4516-9579-3171da90853a,Emerald City Comedy Club,Seattle,https://www.emeraldcitycomedy.com,hit,true,false,
34ab98f9-8ff9-4f6d-aa4a-c23232f8e679,Laughs Comedy Club,Seattle,https://laughscomedyclub.com,miss,false,false,no usable og/meta tags
8e2c7c5f-4229-470f-a125-f295ef58c813,Zanies Comedy Club Chicago,Chicago,https://chicago.zanies.com,hit,false,true,
1f1a5fbd-6595-4208-a275-0f0a1111826c,Dakota,Minneapolis,https://www.dakotacooks.com/,hit,true,true,
7517050a-d89d-4f50-b5d0-77dceedff372,Mark Ridley's Comedy Castle,Detroit,https://www.comedycastle.com,hit,false,true,
f825f3a5-9c5f-49a7-9305-c1a65198f0da,Skipper's Smokehouse,Tampa,https://skipperssmokehouse.com,hit,true,true,
441f662c-07d7-4538-90d3-b5800a9a81b8,Grand Central Brewhouse,Tampa,https://www.grandcentralbrew.com,hit,true,true,
589704c0-897c-4609-bb08-c4d773afa37e,Globe Hall,Denver,https://globehall.com,hit,true,true,
5089b8b5-6701-40ac-adc9-03e599b7f52a,Sea Monster Lounge,Seattle,https://www.seamonsterlounge.com,hit,true,true,
92bf3be9-bcd3-4c60-8b5b-0293850e6080,Lost Lake Lounge,Denver,https://lost-lake.com,miss,false,false,fetch failed
b016cf3c-ac33-4cea-aba7-b74a17e0ec3e,Larimer Lounge,Denver,https://larimerlounge.com,hit,false,true,
d5c1645d-061d-4d8d-85bf-2e8a302515cf,Sam First,Los Angeles,https://www.samfirstbar.com,hit,true,true,
94d3bf1d-920b-4298-a97b-bb6d9d1f9064,Radio Coffee & Beer,Austin,https://www.radiocoffeeandbeer.com/,hit,true,true,
8b8d8fe6-492c-453d-b690-b347295dc830,Third Place Books,Seattle,https://www.thirdplacebooks.com,hit,true,false,
36a92a1a-d9d8-45c3-97eb-ccc9a1bc7dca,Elliott Bay Book Company,Seattle,https://www.elliottbaybook.com,hit,true,true,
0261aed0-327b-4ebc-9af3-4fcab0f9f7a9,Donn's Depot,Austin,https://donnsdepot.com/,miss,false,false,no usable og/meta tags
3e37c1a2-9b02-4216-bf81-c7d9be89b75d,Cadieux Cafe,Detroit,https://www.cadieuxcafe.com,hit,false,true,
62353caf-4057-468b-a733-a66c7defe736,Dynasty Typewriter,Los Angeles,https://www.dynastytypewriter.com,hit,true,true,
b1e0da5c-c182-4ad5-9b71-4d88a146e03f,The ABGB,Austin,https://theabgb.com/,hit,true,true,
d037b965-2cdb-4765-974b-9e277b0554fd,The Baked Potato,Los Angeles,https://www.thebakedpotato.com,miss,false,false,no usable og/meta tags
603ad394-59eb-48b2-9fe9-cfdcec6e88e5,Skylight Books,Los Angeles,https://www.skylightbooks.com,hit,true,true,
7e526540-13fd-4f00-a278-e047e69fee98,Vroman's Bookstore,Los Angeles,https://www.vromansbookstore.com,hit,true,false,
7eb47a90-f0ca-4a25-bfc9-abe3f348251a,The Mint,Los Angeles,https://themintla.com,hit,true,true,
6af276ef-f5de-4005-acd9-cf4124fc9776,The Redwood Bar & Grill,Los Angeles,https://theredwoodbar.com,hit,true,true,
4db7d79f-3ee9-42f0-8f42-8cb56d8a3523,Blind Willie's,Atlanta,https://www.blindwilliesblues.com/,hit,true,false,
5b4f5728-17cc-409e-b709-1bfbf30eae5a,The EARL,Atlanta,https://badearl.com/,hit,true,false,
89170714-7bf3-470f-af84-bad48c2dc0f0,Kelly's Olympian,Portland,https://kellysolympian.com/,miss,false,false,fetch failed
f86cabc7-c580-4fe1-989b-fb25fbf61149,Vibrato Grill Jazz,Los Angeles,https://www.vibratogrilljazz.com,hit,true,false,
4d6b32da-74dc-4686-a98c-c31757c2a7fb,The Parkway Theater,Minneapolis,https://theparkwaytheater.com/,hit,true,true,
1c25e346-286f-4830-a22e-c7e4e9fe2fe5,Bottom of the Hill,San Francisco,https://www.bottomofthehill.com/,miss,false,false,no usable og/meta tags
8e6bd62e-80f6-4e22-afbc-d5adbce70adc,Mr. Tipple's Recording Studio,San Francisco,https://mrtipplessf.com/,miss,false,false,fetch failed
853e284c-ea7e-46df-a55e-c68de5afb544,Northside Tavern,Atlanta,https://northsidetavern.com/,hit,false,true,
a0948c82-46c5-4864-bbba-6c9a7c19f4bb,The Velvet Note,Atlanta,https://thevelvetnote.com/,hit,false,true,
08a3002a-7cdb-4884-bbe0-6b5a4040d0b7,Red Light Cafe,Atlanta,https://redlightcafe.com/,hit,true,false,
d5814175-3b94-48cc-bfc9-cd14c3f1d249,Boordy Vineyards,Baltimore,https://www.boordy.com,miss,false,false,no usable og/meta tags
4f563076-b27d-4d7b-bbd3-708683f7fb92,Dad's Garage Theatre,Atlanta,https://dadsgarage.com/,hit,true,true,
3abb4806-0c45-44d0-ae48-64a6d758109b,Lee Harvey's,Dallas,https://www.leeharveys.com,hit,false,true,
9c8a9d07-248f-4b57-9313-624de81e9c5e,Bryant Lake Bowl Theater,Minneapolis,https://www.bryantlakebowl.com/,hit,true,true,
41d9e184-47a9-4ea0-b8af-240e236dc7b9,Boom Boom Room,San Francisco,https://boomboomroom.com/,miss,false,false,no usable og/meta tags
5acef2b6-4961-4ce6-9cca-0ddd0e89e3b6,Hotel Utah Saloon,San Francisco,https://www.hotelutah.com/,hit,false,true,
4ababc7e-2b75-4071-b801-aca98bc00ec8,Black Cat,San Francisco,https://blackcatsf.com/,miss,false,false,fetch failed
9e8e3a13-22f8-4c81-819e-91135c0d7a72,Adair's Saloon,Dallas,https://www.adairssaloon.com,hit,true,true,
11caa340-7038-474d-b72d-8f47b63f54a6,Revelers Hall,Dallas,https://revelershall.com,hit,true,false,
b93068de-54c5-41a4-8f3c-0f3fb264357e,MATCH - Midtown Arts and Theater Center Houston,Houston,https://matchouston.org/,miss,false,false,no usable og/meta tags
7d31492c-4f8b-49ec-b271-0ccb047d2355,AvantGarden,Houston,https://www.avantgardenhouston.com/,hit,true,false,
40e03477-4cae-4e81-bd4a-33e1290f4801,The Lost Church,San Francisco,https://www.thelostchurch.com/,hit,true,true,
439985dd-825b-4c34-93ee-cc7925157899,City Winery Atlanta,Atlanta,https://citywinery.com/atlanta/,hit,true,true,
c2ca99fc-9913-4301-9f86-53cdc0c13bfb,Opening Bell Coffee,Dallas,https://www.openingbellcoffee.com,hit,true,false,
4e9a9ceb-0131-4794-875a-2445544f1659,Black Cat,Washington,https://www.blackcatdc.com,miss,false,false,no usable og/meta tags
52e3bd12-8ddc-4fc4-ba02-3bcf2593d3bc,DC9 Nightclub,Washington,https://dc9.club,hit,true,false,
74fef8eb-6f4e-408a-bca7-9588c1f104d7,The Big Easy Social and Pleasure Club,Houston,https://www.thebigeasyblues.com/,hit,true,true,
fddbf5b8-9d29-4a24-a812-6cba15c3670d,Blues Alley,Washington,https://www.bluesalley.com,miss,false,false,no usable og/meta tags
35e25998-39f0-47c1-ae86-aeb00218dddc,The Continental Club,Houston,https://continentalclub.com/houston,hit,true,false,
7bc56874-524f-4e85-aefa-4a131c95ab78,McGonigel's Mucky Duck,Houston,https://www.mcgonigels.com/,hit,false,true,
8204035b-646d-4aed-a281-9007375dcc7b,The Riot Comedy Club,Houston,https://www.theriothtx.com/,hit,true,false,
6c950a48-81e7-4691-902c-ad5c9525d8be,Axelrad Beer Garden,Houston,https://www.axelradbeergarden.com/,miss,false,false,no usable og/meta tags
62370812-022d-4ea7-aec6-8c6a6239efc7,The Balcony Club,Dallas,https://www.balconyclub.com,hit,true,true,
d859c52e-90c2-40c5-8204-6a5146c1444b,Crooners Supper Club,Minneapolis,https://croonersmn.com/,hit,true,false,
adbc2b09-008f-4700-a028-7032978da927,Madrone Art Bar,San Francisco,https://www.madroneartbar.com/,miss,false,false,no usable og/meta tags
12150561-7464-4189-a899-a762da481b92,Winstons Beach Club,San Diego,https://winstonsob.com,hit,true,false,
a14a79b0-eca7-4a28-a2d1-92861d667c3d,Green Bench Brewing Company,Tampa,https://www.greenbenchbrewing.com,hit,true,false,
4e91c8b8-7d88-422f-868a-014103ab5580,Detroit Shipping Company,Detroit,https://detroitshippingcompany.com,hit,true,true,
c52f6329-2616-4047-ba99-f733ce7c7aed,J. Rieger & Co.,Kansas City,https://www.jriegerco.com/,hit,true,true,
80494c43-96f9-45ff-89cf-5dc2ca5d77cf,Q Center,Portland,https://pdxqcenter.org/,hit,true,false,
ba702529-6d1d-4e96-8627-d409e847ecc4,The Ottobar,Baltimore,https://theottobar.com,hit,true,true,
1cfde6bd-afeb-43ba-b28d-b408480e8f5e,Panama 66,San Diego,https://www.panama66.com,hit,true,false,
416e0c88-dc47-4c1e-85e1-da6d06ded8dc,Seven Grand San Diego,San Diego,https://www.sevengrandbars.com/san-diego/,hit,true,false,
9ec51c31-c4e5-4850-8c1d-a15f1082a5d1,Sol Collective,Sacramento,https://solcollective.org,hit,true,false,
10552d82-17ce-4206-b4cf-a719e9701315,Side Splitters Comedy Club,Tampa,https://sidesplitterscomedy.com/locations/tampa/,hit,false,true,
dd96598f-7e9f-4213-9d19-91017e5ea6af,ECHO - Taste & Sound,Las Vegas,https://www.echotastesound.com,hit,true,true,
3f4e7204-2520-4a34-a98b-599479923f70,Crocker Art Museum,Sacramento,https://www.crockerart.org,hit,true,true,
daac347d-e741-4a60-b83d-b3610207d2b8,Short Path Distillery,Boston,https://shortpathdistillery.com,miss,false,false,no usable og/meta tags
fb03206c-c7a2-4648-8ee1-69f423562d96,Keystone Korner Baltimore,Baltimore,https://keystonekornerbaltimore.com,hit,true,false,
5cb6649f-cf6b-4b62-8040-9576752ba5ad,Magooby's Joke House,Baltimore,https://www.magoobysjokehouse.com,hit,true,false,
cd029e5e-205c-4d2b-b86c-21ddc0229733,Mobtown Ballroom,Baltimore,https://www.mobtownballroom.com,hit,true,false,
a59ddecf-50f6-479d-8bf3-444467005263,Peabody Heights Brewery,Baltimore,https://peabodyheightsbrewery.com,hit,true,true,
3ba341fd-f7e8-489f-8ea0-c965705dca44,Broadway Oyster Bar,St. Louis,https://www.broadwayoysterbar.com,hit,false,true,
72d32cbe-21e0-4ed0-8e4c-2ca4a2cb89e6,Bird in Hand Coffee & Books,Baltimore,https://www.birdinhandcafe.com,miss,false,false,no usable og/meta tags
f252b911-5ff9-4ca3-84e3-17d3242d24f1,Drake's: The Barn,Sacramento,https://drinkdrakes.com/visit/the-barn/,hit,false,true,
e0b5a2d5-60fe-4f97-8843-6a1e56a9da42,Easy Street Records,Seattle,https://easystreetonline.com,hit,true,true,
1d2b1e35-bcce-42fc-afb9-e12423400532,Mic Drop Comedy,San Diego,https://www.micdropcomedysandiego.com,hit,true,false,
9e7aa6c3-57ac-422b-bbc0-163d3de5025c,Cage Brewing,Tampa,https://cagebrewing.com,hit,true,true,
a3d72ad2-c378-40d7-a4e9-c06e7a7abaef,Evangeline's Bistro and Music House,St. Louis,http://www.evangelinesstl.com,hit,true,true,
83a5c995-9fb9-4706-ad7f-5d2a45134f67,Baltimore Comedy Factory,Baltimore,https://www.baltimorecomedy.com,hit,true,true,
326531ee-9a06-4747-9376-b6e347cf22e2,The Focal Point,St. Louis,https://thefocalpoint.org,hit,false,true,
afc1d8c9-b4f2-4412-b264-8d47a0b16dd6,The Improv Shop,St. Louis,https://theimprovshop.com,hit,true,true,
8fd9d39a-1b88-45e2-b968-95e829e0465f,SAK Comedy Lab,Orlando,https://www.sakcomedylab.com,hit,true,true,
87863d09-823a-4290-b1a3-22fb25e3df58,Blue Bamboo Center for the Arts,Orlando,https://bluebambooartcenter.com,hit,true,true,
2c8a82ae-0ef5-40bf-ba2f-0a964e017ae6,Manor Hill Brewing,Baltimore,https://manorhillbrewing.com,hit,true,false,
a07649bc-cb31-4e14-8208-da1d006e924c,Rockpit Brewing,Orlando,https://rockpitbrewing.com,miss,false,false,fetch failed
3cd3d800-3aaf-409e-a267-66b7e7c88739,Helium Comedy Club St. Louis,St. Louis,https://st-louis.heliumcomedy.com,hit,true,false,
2882ed93-f85a-4719-92ad-94d8650fdafe,Ivanhoe Park Brewing Company,Orlando,https://ivanhoeparkbrewing.com,hit,false,true,
4b3cd3e4-1b0a-45e7-8b77-864ed85ec315,The Cove,San Antonio,https://thecove.us/,hit,true,true,
ded864da-eaeb-4359-b7de-63fd90de81c0,The Writer's Block,Las Vegas,https://www.thewritersblock.org,hit,true,true,
435d065d-0d0d-45a1-ad50-3cfd981ce419,Enzian Theater,Orlando,https://enzian.org,hit,false,true,
61126d66-b7a7-4095-8e58-1f131b1999c8,Highwire Improv,Baltimore,https://highwireimprov.com,hit,true,true,
ec925897-bc9a-49f4-aa8d-2febd6353e50,Boxi Park Lake Nona,Orlando,https://boxiparklakenona.com,hit,true,true,
447a2af7-cc12-40f1-ad4a-4676745d6a6d,Rebecca Creek Distillery,San Antonio,https://rebeccacreekdistillery.com,hit,true,true,
3bbc791e-2a58-4b53-ae3b-8245aa92f227,Dangerous Man Brewing Company,Minneapolis,https://dangerousmanbrewing.com/,hit,true,true,
338eca03-7c1c-48e2-a61e-d0a41824ad27,The Mix,San Antonio,https://themixsa.com/,hit,true,true,
86c8273c-8ab4-4deb-a2eb-fc83b622716d,"1860 Saloon, Game Room & Hardshell Cafe",St. Louis,https://1860saloon.com,hit,true,true,
c52b1c56-7f26-4d76-b40f-15c95c651670,Park Road Books,Charlotte,https://parkroadbooks.com,hit,true,false,
b928aabb-4e6c-4002-b8e8-e192349f9de9,Anderson Fair Retail Restaurant,Houston,https://www.andersonfair.net/,hit,false,true,
5f5f7847-e8af-41b2-87b2-3343d777bbe6,Tin Roof Orlando,Orlando,https://tinrooforlando.com,hit,false,true,
ccf09eb8-3bcd-450f-8ecb-0611e79fa8d2,City Winery St. Louis,St. Louis,https://citywinery.com/st-louis,hit,true,true,
6afe0b35-4340-492c-a8be-6865a331a8cb,Stardust Video & Coffee,Orlando,https://stardustvideoandcoffee.wordpress.com,hit,true,true,
a2118fb2-9389-4df9-8324-615ea9d2dbb5,The Milestone Club,Charlotte,https://themilestone.club/,hit,true,false,
3b9d6480-3ee9-4859-80c9-793d91ce7b15,Curious Comedy Theater,Portland,https://www.curiouscomedy.org/,hit,true,true,
719e7789-17bc-4bb2-84de-bd8e182ad0d4,Petra's,Charlotte,https://petrasbar.com/,miss,false,false,fetch failed
d8520655-03cf-4737-9e9b-6cc89685390c,Starlight on 22nd,Charlotte,https://starlighton22nd.com/,hit,true,true,
0b30bf3f-aaba-46f9-baf0-f431b22e67d1,Baltimore Folk Music Society,Baltimore,https://www.bfms.org,hit,true,false,
3378fef8-ae2e-45fd-bc96-893c84252b62,House of Comedy,Minneapolis,https://houseofcomedy.net/,hit,false,true,
11c9caf1-814c-4f5c-becc-42a27070d60c,The Comedy Zone Charlotte,Charlotte,https://www.cltcomedyzone.com/,hit,true,false,
082239c5-3bf0-451e-883f-2637eea196ac,Nowhere Bookshop,San Antonio,https://nowherebookshop.com,hit,true,false,
93074f78-f7a2-42b2-9741-a80040f27813,Comedy Arts Theater of Charlotte,Charlotte,https://catch.theater,hit,true,false,
73ff396f-272a-44b8-a06d-ef6c2f696a77,Bohemeo's,Houston,https://bohemeos.com/,miss,false,false,no usable og/meta tags
a96a6210-5cb5-4e0f-bf28-5e4633c2cae4,NoDa Brewing Company,Charlotte,https://www.nodabrewing.com/,hit,true,true,
a4c6d023-c47f-4dca-b637-d64d83f09d69,The Recher Theatre,Baltimore,https://therechermd.com,hit,false,true,
e815698d-b7d4-4e45-a31f-bb0dd68832e4,MKT Bar,Houston,https://mktbar.com/,hit,false,true,
a5bdbe60-fe75-450e-a63f-116b9b4fb29d,The Twig Book Shop,San Antonio,https://thetwig.com,miss,false,false,fetch failed
3ae05473-2a3f-4b35-a155-b2680ad0b816,Hollywood Pantages Theatre,Los Angeles,https://www.ticketmaster.com/hollywood-pantages-theatre-tickets-los-angeles/venue/90160,miss,false,false,"aggregator page, no usable image"
6f2b7233-7a78-487e-8a94-bdd5ca929945,Middle C Jazz,Charlotte,https://middlecjazz.com/,hit,true,true,
cca91331-cbfc-4407-97c9-fe60c766ec95,Miller Outdoor Theatre,Houston,https://www.milleroutdoortheatre.com/,hit,true,true,
0fc314c6-ce45-4eb1-b2b5-95a07f803785,Visulite Theatre,Charlotte,https://www.visulite.com/,miss,false,false,no usable og/meta tags
8ef4ca7e-060e-4834-aa90-bc3b3d770289,Sanchos Cocina y Cantina,San Antonio,https://sanchosmx.com/,hit,true,true,
66967843-d547-47b4-9a22-6b4fb020b653,Harvey B. Gantt Center for African-American Arts + Culture,Charlotte,https://www.ganttcenter.org,hit,false,true,
826207d1-9ccd-4bac-967a-849c874be9d4,The Heights Theater,Houston,https://theheightstheater.com/,miss,false,false,fetch failed
08baf823-9d4e-4c2f-a419-dd3a90d0ab8f,Laurelthirst Public House,Portland,https://www.laurelthirst.com/,miss,false,false,no usable og/meta tags
50fb7bbb-d579-4beb-b8ca-b9a3e3175674,Mississippi Studios,Portland,https://www.mississippistudios.com/,hit,true,true,
ef82d84d-c051-4462-9d88-a7203d14b870,Fralo's,San Antonio,https://fralos.com/,hit,true,true,
00f090b7-169a-4472-b249-b9f9cd9bf6cd,Powerhouse Pub,Sacramento,https://powerhousepub.com/,hit,true,true,
6dce797c-04a5-422c-adc6-f866a4a54c1c,The Comet,Cincinnati,https://cometbar.com/,hit,true,true,
7fb45bb5-ec31-4e20-81ac-805508cba919,Alberta Rose Theatre,Portland,https://albertarosetheatre.com/,hit,true,true,
acfae37f-4a0c-490f-b3b6-acc76f06e66d,Crooked Can Brewing Company,Orlando,https://crookedcan.com,hit,true,true,
77fdebc4-b328-47c6-9184-2c6241796f77,Boulevard Brewing Co.,Kansas City,https://www.boulevard.com/,hit,true,true,
bc1b16cc-7f5d-46ac-aab9-e418535ecd3a,Holocene,Portland,https://www.holocene.org/,hit,true,true,
a340055c-a8c7-40a7-a8be-a3ba0c707f4c,The Side Door,Sacramento,https://thesidedoor.net/,hit,true,true,
d06fac2e-1d42-48a5-b0c3-4b15cd0fb259,Alberta Street Pub,Portland,https://www.albertastreetpub.com/,hit,true,true,
84de3a28-44c1-4048-97ab-841c49a6408f,The Sofia (B Street Theatre),Sacramento,https://bstreettheatre.org/,hit,true,true,
86c3047d-c4b0-4a27-9b2c-bf6819549878,Laughs Unlimited Comedy Club,Sacramento,https://www.laughsunlimited.com/,hit,true,false,
110de10f-7b68-48db-89c3-45ed8017ab96,331 Club,Minneapolis,https://331club.com/,hit,true,false,
b9b8f7e1-f327-41a7-8e9a-d0921d1411de,Thunderbird Cafe & Music Hall,Pittsburgh,https://thunderbirdmusichall.com/,hit,false,true,
9d1aac40-c5db-4e80-a2c7-da66e0d4ce74,Crafthouse Stage & Grill,Pittsburgh,https://crafthousepgh.com/,hit,true,true,
d73eee9e-bf58-4f5c-a7a0-c2d134136982,Northern Row Brewery & Distillery,Cincinnati,https://www.northernrow.com/,hit,true,true,
ccc8532e-130b-42dc-bff2-63e800453a57,Go Bananas Comedy Club,Cincinnati,https://gobananascomedy.com/,miss,false,false,no usable og/meta tags
46c003cb-ae9a-4313-9d90-8b349870bcdf,Moondogs Pub,Pittsburgh,https://moondogs.us/,miss,false,false,no usable og/meta tags
5bbadf83-141d-4d11-af51-e9008aea5b4b,Bottlerocket Social Hall,Pittsburgh,https://www.bottlerocketpgh.com/,hit,false,true,
04914991-07cd-4ae8-a794-124206e393e3,Rhinegeist Brewery,Cincinnati,https://rhinegeist.com/,hit,false,true,
3fe55471-3355-4571-9ee4-c212675ff1b4,Sahara Lounge,Austin,https://www.saharalounge.com/,miss,false,false,fetch failed
2f74d297-1743-4fe3-ae24-df9b4b468b0e,Dancing Gnome Brewery,Pittsburgh,https://dancinggnomebeer.com/,hit,true,true,
a0795bf7-03ba-4bcd-b508-242dd544f270,MadTree Brewing,Cincinnati,https://madtree.com/,miss,false,false,fetch failed
65738e8f-ecc1-4836-aef0-78dd2373d1d8,Fifty West Brewing Company,Cincinnati,https://www.fiftywestbrew.com/,hit,true,true,
a1ca5e9a-70cc-4547-a816-ae8df75675ec,The Sand Dollar Lounge,Las Vegas,https://thesanddollarlv.com/,miss,false,false,no usable og/meta tags
831c304b-a366-4165-841b-9d28b6c9eb8c,The Port Comedy Club,Baltimore,https://portcomedy.com,miss,false,false,no usable og/meta tags
dadd7357-ed6b-4102-a05a-2fbe16c4888e,The Beverly Theater,Las Vegas,https://www.thebeverlytheater.com/,hit,false,true,
e27b96c3-dcfc-4dc7-a356-85ac40778c9e,Notoriety,Las Vegas,https://www.notorietylive.com/,hit,true,false,
134a8778-3234-44c3-9443-804e8d5918a7,Dan Electro's Guitar Bar,Houston,https://danelectros.com/,hit,true,true,
b41c16da-a86d-42db-8f10-e9174de12a59,Century Ballroom,Seattle,https://centuryballroom.com,hit,true,true,
6a9a40fa-f526-421e-8e91-9f890073dc09,McMullan's Irish Pub,Las Vegas,https://www.mcmullansirishpub.com/,hit,false,true,
b92d8273-ecf7-43f4-9848-7aceff94dd40,Ellis Island Casino & Brewery,Las Vegas,https://www.ellisislandcasino.com/,hit,false,true,
74886f38-125a-4da6-8599-93fba664855f,The Phoenix,Kansas City,https://www.thephoenixkc.com/,hit,true,false,
ae783631-ba7e-4fd4-bbb5-48b42a137f6d,The Rino,Kansas City,https://www.therinokc.com/,hit,true,true,
51f4d6ac-6de9-4550-bba6-f719fae2932f,Blue Room,Kansas City,https://americanjazzmuseum.org/blue-room/,hit,true,true,
4da8d414-6cbc-45a4-b552-342e874c2ba5,Uptown Lounge,Kansas City,https://uptownloungekc.com/,hit,true,true,
38515e03-c406-4d9b-b920-79433da35ced,The Comedy Club at Duckworth's,Charlotte,https://www.thecomedyclubatduckworths.com,hit,false,true,
3d4521cd-b3ce-41eb-b773-ce04c8b65287,Cerebral Brewing,Denver,https://cerebralbrewing.com,hit,true,true,
de251fa0-ba2d-4f3e-a8c0-bf1f939c673b,Triple C Brewing Company,Charlotte,https://www.triplecbrewing.com,hit,true,false,
e2e95351-1ecd-44e0-81b3-a459df302bfd,East Austin Comedy Club,Austin,https://www.eastaustincomedy.com/,miss,false,false,og:image failed validation
b2cc373f-e38c-4fe8-9964-3b0942c6822e,Wooden Robot Brewery,Charlotte,https://woodenrobotbrewery.com,hit,true,true,
f8b194c8-77b4-4827-be52-7faff7ec7da3,Mom's Basement Theatre,Las Vegas,https://www.momsbasementtheatre.com,hit,true,false,
fe69d506-b174-4642-a86a-e4d976522d15,The Bricks Ybor,Tampa,https://thebricksybor.com,hit,true,true,
0122cf65-d7c6-4f76-9931-c35fd0c07116,Sagebrush,Austin,https://www.sagebrushaustin.com/,hit,true,true,
4ec3d3bb-a954-4bf6-925b-fd7cb35ca119,Vegas Valley Winery,Las Vegas,https://vegasvalleywinery.com,hit,true,true,
f5d9a0a4-e299-4afe-b754-3b7c0e6fe897,Central Florida Folk,Orlando,https://cffolk.org,miss,false,false,no usable og/meta tags
f9ae5aec-ff43-4a3e-b42d-1df5c496a3e2,Rainier Arts Center,Seattle,https://rainierartscenter.org,hit,true,true,
39d190a7-14b7-48a4-bd63-ca46b39cfbc3,Lake Houston Brewery,Houston,https://www.lakehoustonbrew.com/,hit,true,false,
a2fd896c-45c8-4526-9019-a2d93714da5d,Central Machine Works,Austin,https://www.cmwbrewery.com/,hit,true,true,
f2ad84a2-0013-4fcb-901d-460e19178513,Atlanta Comedy Theater,Atlanta,https://atlcomedytheater.com/,hit,true,true,
9a1cef2f-64df-43cd-abdd-e27097fa985d,Stoney's Rockin' Country,Las Vegas,https://stoneysrockincountry.com,hit,true,true,
260d7607-bba9-4cf6-9fb3-2c290a91408c,OCB (Orange County Brewers),Orlando,https://theocbrewers.com,miss,false,false,no usable og/meta tags
020c5b69-58a6-4b9e-b15e-669e90e9a361,Nordic Museum,Seattle,https://nordicmuseum.org,hit,true,true,
6dd59a5d-52a7-41ac-9175-e8e9edf6accc,The Walnut Room,Denver,https://thewalnutroom.com,hit,true,true,
e9d7c695-c21e-4f47-998f-29c73e559b3f,JazzArts Charlotte,Charlotte,https://www.thejazzarts.org,hit,true,true,
c4ed6b38-1eef-4ddd-a22e-1f563dc7f3fd,Gold Mine Tavern,Las Vegas,https://goldminetavern.com,hit,false,true,
10d2bcc5-a1f0-4569-8a90-37c066696e1e,Writer's Block Bookstore,Orlando,https://writersblockbookstore.com,hit,true,true,
51103c06-2353-4ce1-a8a6-c43a36d1393a,Free Range Brewing,Charlotte,https://www.freerangebrewing.com,miss,false,false,no usable og/meta tags
91cc1569-1620-4a93-8fbf-c8c8c7bfe217,Dosey Doe,Houston,https://www.doseydoe.com/,miss,false,false,fetch failed
50b2d4eb-6def-49ed-b338-de597160cbe4,Taverna Costera,Las Vegas,https://tavernacostera.com,miss,false,false,no usable og/meta tags
aac5fff5-59a8-46e3-8619-d07bec74f0c7,Jazz Tastings,Orlando,https://jazztastings.com,hit,true,false,
dd3ac22a-68a1-40ea-8e5e-be6f8187d2c9,Denver Improv,Denver,https://improv.com/denver/,hit,true,true,
f6015e1b-5d7e-453c-aebe-12f6f71cff43,The Black Buzzard,Denver,https://www.theblackbuzzard.com,hit,true,true,
bec455cd-f1f7-4639-beee-813af058a70c,MJQ Concourse,Atlanta,https://www.mjqofficial.com/,hit,true,false,
264dee8a-aedf-4fcb-9499-c3ac56878c90,Meanwhile Brewing,Austin,https://www.meanwhilebeer.com/,hit,false,true,
7ad35174-f0df-4012-b01b-2c47acad6eb8,Brava Theater Center,San Francisco,https://www.brava.org/,hit,true,true,
3acb000f-ac07-415d-b68d-95c36138ee09,Jazz Central Studios,Minneapolis,https://www.jazzcentralstudios.org/,hit,true,false,
436a7f65-fca4-4fc3-8dfe-cedcd4bf8ef7,Sleeping Village,Chicago,https://sleeping-village.com,hit,true,true,
1b744dc9-a1ef-4bd5-ae14-70250ffe47ac,Permanent Records Roadhouse,Los Angeles,http://roadhouse.permanentrecordsla.com,miss,false,false,no usable og/meta tags
ab16d57b-0d86-4650-bd4f-6721f9d961be,San Diego Folk Heritage,San Diego,https://sdfolkheritage.org,miss,false,false,no usable og/meta tags
d4472f05-cdbe-4daa-abd3-ef264f976c55,Big Blue Marble Bookstore,Philadelphia,https://www.bigbluemarblebooks.com,hit,true,false,
242821e7-21ef-44a7-98fd-53e9c1f27f31,BATS Improv,San Francisco,https://www.improv.org/,hit,false,true,
184e503a-7366-4d69-b444-bdaaed312870,Mysterious Galaxy Bookstore,San Diego,https://mystgalaxy.com,hit,true,true,
b8f4b1ab-d904-497b-84e6-f725bd3b6589,Comedy Works South,Denver,https://comedyworks.com,hit,false,true,
3177424a-d751-4dc3-ac90-7be4a744e6b3,The Bug Theatre,Denver,https://www.bugtheatre.org,hit,true,false,
c0be8a78-bee3-46a0-b093-4e1801648350,Magers & Quinn Booksellers,Minneapolis,https://magersandquinn.com/,miss,false,false,fetch failed
ebdc4a74-7506-4913-ae4e-33baefec7468,Suffolk Punch Brewing,Charlotte,https://www.suffolkpunchbrewing.com,hit,false,true,
7fdc3f87-1b75-4a27-998c-8fd55045685d,The Far Out Lounge & Stage,Austin,https://www.thefaroutaustin.com/,miss,false,false,no usable og/meta tags
5c74c3ec-8b75-49db-ba03-23eb2579677c,The Congregation Detroit,Detroit,https://thecongregationdetroit.com,hit,true,true,
529b6fed-ec3b-440a-8df6-430183172c2e,Sugar Creek Brewing Company,Charlotte,https://sugarcreekbrewing.com,miss,false,false,fetch failed
9651d2e6-3606-42cc-b34b-a41cd7ef3daa,Deep Ellum Art Co,Dallas,http://deepellumart.co,hit,false,true,
1d7670b4-52b0-4c13-90e4-276934f51e4b,Divine Barrel Brewing,Charlotte,https://divinebarrel.com,hit,true,true,
855e7d52-90a5-47d3-b05b-3b7f3feece90,Seventh Circle Music Collective,Denver,https://www.7thcirclemusiccollective.org,miss,false,false,no usable og/meta tags
15d9454b-f74d-4c8e-8f07-b6b317ed8494,Comet Ping Pong,Washington,https://www.cometpingpong.com,hit,true,true,
4a6bb7af-7bec-42f3-a96a-4605c2bb207c,Hotel Vegas,Austin,https://texashotelvegas.com/,hit,true,false,
0e7fdada-16ff-4660-a929-84b43cebf793,Free Will Brewing Co,Philadelphia,https://www.freewillbrewing.com,miss,false,false,no usable og/meta tags
4b9fb570-37ba-4bef-86cc-1668d8dbcad9,Warwick's,San Diego,https://www.warwicks.com,hit,true,false,
ca85e275-294a-48b9-8ed4-e9c0922aa840,Zodiac Tampa,Tampa,https://zodiactampa.com,hit,true,false,
3e70eafe-62c1-48db-8548-be147662bcb5,Red Clay Theatre (Eddie Owen Presents),Atlanta,https://www.eddieowenpresents.com/,hit,true,true,
63aeee03-b25e-4265-8c35-2525afce8904,Go Comedy! Improv Theater,Detroit,https://gocomedy.net,hit,true,false,
d0734da8-1b0b-4a62-9be7-dd0f0c345668,It'll Do Club,Dallas,https://www.itlldoclub.com,hit,true,false,
1553b193-f5f5-4596-8455-cf9909134095,Outer Limits Lounge,Detroit,https://outerlimitslounge.com,hit,true,false,
b9fe99fe-4cfb-4638-bc71-06ecdea6b883,Wild Corgi Pub,Denver,https://wildcorgipub.com,hit,true,false,
9935edec-fc98-45f6-9863-d879badae4d7,Detroit City Distillery,Detroit,https://www.detroitcitydistillery.com,miss,false,false,no usable og/meta tags
d6176c1f-d29b-48a5-8cf0-95dba7996e82,Moon Palace Books,Minneapolis,https://moonpalacebooks.com/,hit,true,true,
b7adf7e4-4a5f-4f67-819c-08099a9f950f,56 Brewing,Minneapolis,https://56brewing.com/,miss,false,false,fetch failed
8f0faa7a-90fd-48c6-88a9-1e770aedb4e1,Teller's Taproom,Denver,https://www.tellerstaproom.com,miss,false,false,fetch failed
827ba58a-6b32-4bbe-8a57-c58dcdaf92a5,Trinity House Theatre,Detroit,https://www.trinityhousetheatre.org,miss,false,false,no usable og/meta tags
4029f102-98d3-467c-8605-0278aa0fe962,Politics and Prose,Washington,https://politics-prose.com,hit,true,false,
1b485f6c-8009-4d67-8128-fd49eda1ad3c,Conor Byrne Pub,Seattle,https://www.conorbyrnepub.com,hit,true,false,
c7366eb3-e1a9-4798-b970-711ee41f455d,Petty Thieves Brewing Co,Charlotte,https://www.pettythievesbrewing.com,hit,true,false,
3f85cb33-2066-4bab-886a-0e7a99d04023,The Mood Room,Houston,https://www.themoodroomhouston.com/,hit,false,true,
af69b13b-21d9-4c99-8039-06c98ec1b61c,Whole World Improv Theatre,Atlanta,https://www.wholeworldtheatre.com/,hit,true,true,
99d6b9ea-8eb5-4518-9f48-bb74aadb0d14,Brazos Bookstore,Houston,https://www.brazosbookstore.com/,hit,true,false,
154ae352-fcd6-4c18-a54a-dcd8a6b307c0,The Voxel,Baltimore,https://voxel.org,hit,true,true,
05c0adff-5941-4281-a598-a78d57a54c81,Denver Beer Co,Denver,https://denverbeerco.com,hit,true,true,
2487f159-2fe2-4926-aaa5-bef69aac8f21,The Last Bookstore,Los Angeles,https://www.lastbookstorela.com,hit,true,true,
01040fac-498b-4b75-82a2-10d49c31504e,Murder By The Book,Houston,https://murderbooks.com/,hit,true,false,
8287ee12-4bbe-4160-bc28-c1b5a45bc106,Motor House,Baltimore,https://www.motorhousebaltimore.com,hit,true,true,
a38e037c-8945-49dd-b77c-bc05cf9994d7,Cactus Music,Houston,https://www.cactusmusictx.com/,hit,true,true,
23f6f0c0-78e4-465e-bf9a-a5206280bee7,Baltimore Improv Group,Baltimore,https://www.bigimprov.org,hit,true,true,
bf0b6d44-5544-4729-b510-4def43de53ab,Red Emma's,Baltimore,https://redemmas.org,hit,false,true,
a6ad2d94-6732-475b-b193-2d88eb60078a,Crowbar Ybor,Tampa,https://www.crowbarybor.com,hit,true,true,
d4888e0e-2940-484d-97c0-d0a07ab32d70,Max's Taphouse,Baltimore,https://maxs.com,hit,true,true,
ecdab40c-1064-49a0-8d80-86b7034c0ba7,Stem Ciders,Denver,https://stemciders.com,hit,false,true,
a980d76e-5ace-4737-b445-3db4e28e3fcb,Solid State Books,Washington,https://www.solidstatebooksdc.com,hit,true,false,
8a9f3779-ed9a-4dd0-9b87-090adbc472ab,Arts at the Armory,Boston,https://artsatthearmory.org,hit,true,true,
a85b7668-e9ed-4d68-84c9-068d42b049c9,Chevalier's Books,Los Angeles,https://www.chevaliersbooks.com,hit,true,true,
65b2ea28-0710-4655-8d91-c9783b9ec4a8,Irish Cultural Center and McClelland Library,Phoenix,https://www.azirish.org,miss,false,false,no usable og/meta tags
ad3d009d-e6ab-493d-87a3-f69e9e4bd663,The Sheldon Concert Hall,St. Louis,https://www.thesheldon.org,hit,true,false,
c0f28221-7c6b-460e-a4ce-f70ad08af667,The Rollin' Mullet,Tampa,https://therollinmullet.com,hit,true,true,
8fbcff3d-f85a-48de-9a5f-62110e6300d5,The Chasseur,Baltimore,https://www.chasseurbaltimore.com,hit,true,false,
02befed0-9788-4a42-ac3e-e424668b46c0,Book Soup,Los Angeles,https://www.booksoup.com,hit,true,false,
84a0f8b5-a24f-4d4b-a798-03c1bab19bb0,My Sister's Room,Atlanta,https://www.mysistersroom.com/,miss,false,false,no usable og/meta tags
7cc26ee0-cda7-4573-824a-abe3e2f0b324,Karbach Brewing Co.,Houston,https://www.karbachbrewing.com/,hit,true,true,
0ad738d4-ad29-49a4-955f-0a6292b88e45,LOL San Antonio,San Antonio,https://improvtx.com/sanantonio/,hit,true,true,
e2dcf523-ce52-410b-baca-57296042eb67,The Tower Bar,San Diego,https://www.thetowerbar.com,miss,false,false,no usable og/meta tags
2b42f333-9c31-491c-b2a9-019da07199ca,Riot Riverwalk Comedy Club,San Antonio,https://www.riotriverwalk.com,hit,true,false,
40eedd78-dfbe-4d66-92f9-acde32d30212,Hidden Hall,Seattle,https://hiddenhall.com,hit,true,false,
ba4adefb-c54e-40fd-b51f-f205c1088f85,Blue Star Brewing Co.,San Antonio,https://bluestarbrewing.com,hit,false,true,
aaa165fb-047c-49cb-9a6d-e94b4bed744e,ComedySportz San Antonio,San Antonio,https://www.cszsa.com,hit,true,true,
86206c76-c7ba-413b-84b6-2d24616624cc,Reuben's Brews,Seattle,https://reubensbrews.com,hit,true,true,
4236d2cc-ba6e-44a0-ab2d-1579ac0595b1,South Jazz Kitchen,Philadelphia,https://southjazzkitchen.com,hit,true,false,
1aa6b736-8877-49d2-ba44-14fa5e7b4387,Stoup Brewing,Seattle,https://www.stoupbrewing.com,hit,false,true,
7b488e30-f1b2-45f8-9133-c61a9e3752a7,Palabras Bilingual Bookstore,Phoenix,https://palabrasbookstore.com,hit,true,false,
8e0965f0-536c-45b2-882a-cc8ee2335e8c,Dock Street Brewery,Philadelphia,https://www.dockstreetbeer.com,hit,true,false,
1d3948be-c1f9-4893-8a3b-0045f9f191ba,MIM Music Theater,Phoenix,https://www.mim.org,hit,true,true,
4111e716-ab33-4d2b-b961-a87d2fded468,Tombolo Books,Tampa,https://tombolobooks.com,hit,true,true,
943e23ba-a248-48e1-8414-38a44bfa7249,The Castle Ybor,Tampa,https://castleybor.com,miss,false,false,no usable og/meta tags
47d2ce42-d1bc-4148-aa45-9216dbdae865,Craft Hall,Philadelphia,https://www.crafthallphilly.com,hit,true,true,
41d0c0c1-abd5-45bf-89c4-52265eb33caa,Rawhide Western Town & Event Center,Phoenix,https://rawhide.com,hit,true,true,
3f06cc94-a6fe-4aa7-95eb-9273163d6229,Left Bank Books,St. Louis,https://left-bank.com,hit,true,false,
9027c43b-db7f-4ef0-9df3-2ef515be15e1,Jergel's Rhythm Grille,Pittsburgh,https://jergels.com/,hit,true,true,
85b86321-5c24-4ae1-b26d-c7d6cc41a32e,Silk City,Philadelphia,https://silkcityphilly.com,miss,false,false,no usable og/meta tags
71ab488e-fe38-490e-a179-cbc8651ad753,Ranger Creek Brewing & Distilling,San Antonio,https://drinkrangercreek.com,miss,false,false,no usable og/meta tags
caa9b324-64b9-43a5-8ec0-f209db4166e6,At Ease Brewing Co.,Sacramento,https://www.ateasebrewing.com/,hit,true,false,
1c14e40a-3dc3-4268-9f78-e7f272ccab9c,Unexpected Productions,Seattle,https://www.unexpectedproductions.org,miss,false,false,no usable og/meta tags
f9672b30-28fa-4a62-8a49-c3004161f77f,Duck Foot Brewing,San Diego,https://duckfootbeer.com,miss,false,false,no usable og/meta tags
7266fb9d-71f9-4255-8888-9285bb748b71,Alaro Craft Brewery,Sacramento,https://alarobrewing.com/,hit,false,true,
1b04eb10-449c-42ec-8ba8-e54b73449cc0,Jules Maes Saloon,Seattle,https://www.julesmaessaloon.com,hit,false,true,
1b16c389-2b29-41cd-a2da-d5895c989101,502 Bar,San Antonio,https://www.502bar.com,hit,false,true,
37d0da4a-4435-4136-92cd-d8c9308503c3,Bourbon & Branch,Philadelphia,https://bourbonandbranchphilly.com,miss,false,false,no usable og/meta tags
d57f9ce3-574a-489f-8d37-b9dcee6cb683,New Glory Craft Brewery,Sacramento,https://www.newglorybeer.com/,hit,true,true,
5090bcb2-fe50-47c7-ba45-b6c013179abc,Hourglass Brewing - District,Orlando,https://hourglassbrewing.com,hit,true,true,
279a7b73-1a8f-444e-9f02-90a6163ba081,The Press Club,Sacramento,https://pressclubsac.com/,hit,false,true,
ed1f2f36-2293-412c-b72a-23866d3fd368,SanTan Brewing Company,Phoenix,https://santanbrewing.com,hit,true,true,
6f940052-7ecb-4f04-bbfe-55fb9716eede,High Water Mark Lounge,Portland,https://www.highwatermarklounge.com/,hit,true,false,
76736887-f1cd-42e2-9d22-a966e83d4340,SacYard Community Tap House,Sacramento,https://sacyard.beer/,miss,false,false,no usable og/meta tags
71c351c4-f32e-4c01-92e9-d66e18532fda,Schlafly Tap Room,St. Louis,https://www.schlafly.com,hit,true,false,
04a5f294-ef0e-4643-acae-da8e5d0452c8,Sacramento Poetry Center,Sacramento,https://www.sacpoetrycenter.org/,hit,false,true,
850e3725-bb56-4ac7-8001-d1124a69e43f,HandleBar Pub And Grill,Sacramento,https://handlebarpubandgrill.com/,hit,false,true,
3aec19ac-2ae7-4354-a4a7-cb5c3056c48f,Faces Nightclub,Sacramento,https://www.faces.net/,hit,true,true,
262d3509-c5f8-482d-aba5-c02a40804865,The Phoenix Theatre Company,Phoenix,https://www.phoenixtheatre.com,hit,false,true,
bbfb0822-67f5-4955-983d-3218c8889d20,Arizona Broadway Theatre,Phoenix,https://azbroadway.org,hit,true,true,
4aaf6922-b8a8-4caf-b87b-67b1b093b87c,Great Arizona Puppet Theater,Phoenix,https://www.azpuppets.org,hit,false,true,
dd156ef2-8e13-49dc-8103-8c703366e280,Desert Ridge Improv,Phoenix,https://www.desertridgeimprov.com,hit,true,false,
fe6010c0-8c8d-44ae-9f24-fe21f0e84a31,Cactus Jack's Ahwatukee Tavern,Phoenix,https://cactusjacksbar.co,hit,true,false,
bac6fba2-7d13-4bb7-8aa7-b75b25f86ce2,Rewined Beer and Wine Bar,Phoenix,https://rewinedbeerandwinebar.com,hit,true,true,
4c9704fb-1027-4643-80d4-12c415faf3c5,DNA Lounge,San Francisco,https://www.dnalounge.com/,hit,true,true,
1067de83-6c8e-4d48-8b7f-440ad6da141c,Dorchester Brewing Company,Boston,https://www.dorchesterbrewing.com,hit,false,true,
a08276f6-79ca-461b-b197-14a32f417a6a,The Studio@620,Tampa,https://thestudioat620.org,hit,true,true,
f5d1238f-b330-41b3-b7f1-dda53ebe3a89,Black Shirt Brewing Co,Denver,https://blackshirtbrewingco.com,hit,true,true,
eed4d629-ba8d-4ad9-8eb5-786c7bf180dc,Idle Hands Craft Ales,Boston,https://idlehandscraftales.com,hit,true,true,
d97d9d55-d713-478f-83b6-df8e5d8ff242,Bird & Beckett Books and Records,San Francisco,https://birdbeckett.com/,miss,false,false,no usable og/meta tags
3de0a1fc-cadb-4c6e-9d2f-734f520b535c,Democracy Brewing,Boston,https://www.democracybrewing.com,hit,true,false,
5e4697df-6f34-4274-a28c-00643aa6b168,Titanic Brewery & Restaurant,Miami,https://titanicbrewery.com,hit,true,true,
b5c6c4a7-8965-48d5-96b7-6ac5d7104745,Jowler Creek Vineyard & Winery,Kansas City,https://jowlercreek.com/,hit,true,true,
bf1807f7-7930-4828-b01d-06098baec176,Casa Loma Ballroom,St. Louis,https://www.casalomaballroom.com,hit,false,true,
5b6607c9-a38b-42ec-8a83-66d16c073da0,Books & Books,Miami,https://www.booksandbooks.com,miss,false,false,fetch failed
dc70ba10-6388-4686-a694-befc07230ed5,Voodoo Bayou,Miami,https://voodoobayou.com,miss,false,false,fetch failed
9416a11a-cfd9-4108-b1b8-9a8fba933fd0,Bazaar Cafe,San Francisco,https://bazaarcafe.com/,miss,false,false,no usable og/meta tags
c546d8e8-db1e-4d94-be61-905f18f3d9d8,9 Mile Garden,St. Louis,https://www.9milegarden.com,hit,true,true,
0e6246a4-5a02-4a4a-a3db-d9d24982c373,Coral Gables Art Cinema,Miami,https://gablescinema.com,hit,true,true,
c74da3e5-20cf-4069-b3ea-a6331d998019,O Cinema,Miami,https://o-cinema.org,hit,true,true,
b39b1580-a4fb-4715-93eb-0906b43b3f72,CityArts,Orlando,https://downtownartsdistrict.com/cityarts/,hit,true,true,
d7d6f3fd-a0eb-4f08-8539-25a998ae2206,Chandler Hill Vineyards,St. Louis,https://www.chandlerhillvineyards.com,hit,true,false,
214b6f16-7506-41be-8228-68f2ca4a9bd4,Hidden Springs Ale Works,Tampa,https://hiddenspringsaleworks.com,hit,true,false,
bb729a5f-2c60-414b-8357-b0be23e2ffc0,Matrix Theatre Company,Detroit,https://www.matrixtheatre.org,hit,true,true,
b90ef879-0a59-4d79-8ca0-aa05556dc13f,Manny's,San Francisco,https://www.welcometomannys.com/,miss,false,false,fetch failed
e8cdc3ca-ba35-4660-8097-53a9c412e5b6,Green Apple Books,San Francisco,https://www.greenapplebooks.com/,hit,true,false,
8e4ff548-4d2d-4f8e-8997-1178f81c8a0f,Verdi Club,San Francisco,https://www.verdiclub.net/,miss,false,false,no usable og/meta tags
8e097eb3-81a8-482c-aabc-4f596294a607,The Sinkhole,St. Louis,https://sinkholerecords.com,hit,true,true,
53c5c144-a2d8-45a1-b2f0-fffaae4cbccf,Public Works,San Francisco,https://publicsf.com/,miss,false,false,no usable og/meta tags
59f52487-089f-40c0-89c1-74eeccdc0606,Orlando Family Stage,Orlando,https://orlandofamilystage.com,hit,false,true,
e865ad7e-dad6-4eae-b016-fcf6d2332315,Comstock Saloon,San Francisco,https://www.comstocksaloon.com/,hit,true,false,
8708fecb-2ad6-4698-a4ac-0281f97cb85e,Book Club Bar,New York,https://www.bookclubbar.com/,hit,true,true,
0f166e2f-7179-4dd1-80f6-6db344a3a01a,Independent Bar & Cafe,Tampa,https://independentbartampa.com,miss,false,false,fetch failed
59318db0-c6c8-4fb5-bad3-7cb4db164fde,Winter Park Playhouse,Orlando,https://winterparkplayhouse.org,miss,false,false,no usable og/meta tags
45a7f1d6-ceb7-4685-b6e1-dc508a0bf336,Fubar,St. Louis,https://www.fubarloungestl.com,hit,false,true,
1d2a5a3b-3a34-4969-bb8e-653b9f6e42c1,Utepils Brewing,Minneapolis,https://utepilsbrewing.com,hit,false,true,
02c446e6-a2bd-448f-bc8b-21b379123694,Cabooze,Minneapolis,https://cabooze.com,hit,true,true,
4e0a7264-7f15-4c3a-8add-d4abebd2da6a,Greenlight Bookstore,New York,https://www.greenlightbookstore.com/,hit,true,false,
9449fe49-77f4-415e-9956-f9993cf526ec,McNally Jackson,New York,https://mcnallyjackson.com/,hit,true,true,
bc1b2e54-b509-4c39-8c95-8ec8b1ee1931,Merlins Rest Pub,Minneapolis,https://merlinsrest.com,miss,false,false,no usable og/meta tags
628e7f79-7286-48f9-8fc9-a38e97f91b26,Iffy Books,Philadelphia,https://iffybooks.net,miss,false,false,no usable og/meta tags
db422c13-9294-4ffe-8211-e2e7e5ff50e0,Foundry Art Centre,St. Louis,https://www.foundryartcentre.org,hit,true,true,
2e2b11c0-b160-433c-a967-60f50c21da50,Indeed Brewing Company,Minneapolis,https://www.indeedbrewing.com,miss,false,false,og:image failed validation
c7d84d61-5861-44a1-8b58-ab3fd324c3fd,Sally O'Brien's,Boston,https://www.sallyobriensbar.com,hit,true,false,
cdc48c5a-e5b7-4ba1-82af-b5586bc25ae5,Grieg Lodge (Norse Hall),Portland,https://www.grieglodge.org,hit,true,true,
465f5eaa-2f03-45e2-82e5-756e20cee675,Atlas Performing Arts Center,Washington,https://www.atlasarts.org,hit,false,true,
1ef1e856-6a3e-43e9-a29f-998ff2abe9f5,Bunkers Music Bar & Grill,Minneapolis,https://www.bunkersmusic.com,hit,true,true,
21931a04-33f0-49ae-adc3-051d7c78da81,Ivy Room,San Francisco,https://ivyroom.com/,hit,true,true,
7f1b6de2-1758-4c5e-abd6-2db33bfade2e,Westport Social,St. Louis,https://www.westportsocial-stl.com,hit,false,true,
24d394c9-473d-4cb1-8959-c9331a5b2baa,Ferg's Sports Bar & Grill,Tampa,https://fergssportsbar.com,hit,true,true,
66a8d9c4-4f79-4244-ae71-d22b93a2d956,Shamrock Comedy Club,Miami,https://www.shamrockcomedyclub.com,hit,true,true,
0c40ead5-7f3b-40ad-ba0e-08ea13e08509,Harpoon Brewery,Boston,https://harpoonbrewery.com,hit,false,true,
0275ae3b-e47f-46d3-a354-3aac29539a97,Clearwater Brewing Company,Tampa,https://clearwaterbrewingcompany.com,hit,false,true,
27111379-f65a-4f8f-954f-92b91e522c2a,Helium Comedy Club,Portland,https://portland.heliumcomedy.com/,hit,true,true,
11c85ff9-716d-4203-bec1-79526467db3b,Bunk Bar,Portland,https://www.bunksandwiches.com/bunk-bar,hit,true,false,
a0af3738-9b25-4126-a398-110cedca6c8e,Siren Theater,Portland,https://www.sirentheater.com/,hit,true,true,
dff8ce4a-09d4-4924-af26-0f8cc102bfa4,Biscuits and Blues,San Francisco,https://www.biscuitsandblues.com/,hit,true,true,
d84cf082-d774-4664-b349-89db6f80c354,Theater West End,Orlando,https://theaterwestend.com,hit,true,true,
36c5b4c8-acb7-4e90-977d-3d352b85f434,Twilight Cafe & Bar,Portland,https://www.twilightcafeandbar.com/,miss,false,false,no usable og/meta tags
f12a937e-7a7a-49e0-8f71-72710bd2ed40,Mississippi Pizza Pub,Portland,https://mississippipizza.com/,hit,true,true,
a21047e8-ba69-4668-bd1c-07852d4b496f,Ground Kontrol Classic Arcade,Portland,https://groundkontrol.com/,hit,true,true,
4d92a8fa-b3ce-4c7c-b32f-373b56289762,Kenton Club,Portland,https://www.kentonclub.com/,miss,false,false,no usable og/meta tags
06f1f6b7-3567-4f51-8d99-b05e7dc8d8cd,DC Improv,Washington,https://dcimprov.com,miss,false,false,og:image failed validation
ce72bb2c-269f-4186-a14b-11d3a95a030d,Pie Shop,Washington,https://www.pieshopdc.com,hit,false,true,
e6c7733a-3418-47e6-8201-55c49dd10c85,Right Proper Brewing Company,Washington,https://www.rightproperbrewing.com,hit,true,false,
e34d2dbf-25b5-4929-ac02-e19a45b608c1,DC Brau Brewing Company,Washington,https://www.dcbrau.com,hit,true,true,
bebedff0-f84b-4e37-aa7a-56c9bb39c958,Suns Cinema,Washington,https://sunscinema.com,hit,true,false,
e3d318da-e6a9-4807-8026-005489a16535,Mr. Henry's,Washington,https://www.mrhenrysdc.com,miss,false,false,fetch failed
fbc8c59b-f20c-4b0f-bc04-e85b8552b03d,Music Millennium,Portland,https://www.musicmillennium.com/,hit,true,true,
4176ec66-7393-4809-9b53-e3ded7659dcf,City Lights Bookstore,San Francisco,https://citylights.com/,miss,false,false,fetch failed
e406cca8-ca18-49a4-8b20-03d1a30795d0,City-State Brewing,Washington,https://citystatebrewing.com,hit,true,true,
a2bf00ce-ea74-4720-ad11-dd83713016b2,MOCA North Miami,Miami,https://www.mocanomi.org,miss,false,false,no usable og/meta tags
15e30aea-a9d3-4b21-852a-21f039132a2d,Night Shift Brewing,Boston,https://nightshiftbrewing.com,hit,false,true,
4c4fdee6-ef9e-42f8-974f-fe74809899f4,As You Are,Washington,https://www.asyouarebar.com,hit,true,true,
f31140dc-ce2e-4302-b799-fb51acc8e576,Milagro Theatre,Portland,https://milagro.org/,hit,true,true,
85680405-a258-4f70-8220-a7d764fe97c5,Joe's Movement Emporium,Washington,https://www.joesmovement.org,hit,true,true,
08163e46-8f53-4fd7-9be9-3e824d627cfb,Roofers Union,Washington,https://www.roofersuniondc.com,hit,true,false,
a89685c8-1cd3-4ea5-9ebb-7da60de0b42d,Mike Hess Brewing,San Diego,https://mikehessbrewing.com,miss,false,false,fetch failed
9cc9c9b7-d284-4fe0-8726-e0f743cac096,La Paloma Theatre,San Diego,https://lapalomatheatre.com,miss,false,false,no usable og/meta tags
a540ab4f-5296-4bfd-b17b-35a9edf9deb6,Stone Brewing Liberty Station,San Diego,https://stonebrewing.com,hit,false,true,
d60f8028-99b4-4e6b-bc00-9d13d7cb00d1,Gossip Grill,San Diego,https://gossipgrill.com,hit,true,true,
77333a75-b3d1-43d5-99c9-9c2c02842fe8,Urban Mo's Bar & Grill,San Diego,https://urbanmos.com,hit,false,true,
8e45e457-6190-45ba-be29-c959fedb9f69,The Barn in Sanford,Orlando,https://thebarninsanford.com,hit,false,true,
6b54352f-9d30-4375-9615-f11c63b2a8b3,Moonshine Beach,San Diego,https://www.moonshinebeach.com,miss,false,false,fetch failed
648c900c-4f3d-446f-acd9-df0ba48d1422,Verbatim Books,San Diego,https://www.verbatimbooks.com,miss,false,false,fetch failed
006efc62-c791-42eb-91b2-c4372a186bf2,Violet's Venom Brewery,Orlando,https://www.violetsgarage.com,hit,true,true,
ea72baa2-ac63-4821-b651-4e61936f2197,AleSmith Brewing Company,San Diego,https://alesmith.com,miss,false,false,no usable og/meta tags
9a31bf64-03d6-4ccd-aa86-fb374d4e1882,Old Rock House,St. Louis,https://oldrockhouse.com,hit,true,true,
f98a8903-751e-4296-a82a-6dd38409d718,Double Down Saloon,Las Vegas,https://doubledownsaloon.com/,miss,false,false,no usable og/meta tags
045ae51a-b8f2-48bd-b6cf-6153453b75da,Woodward Theater,Cincinnati,https://woodwardtheater.com/,miss,false,false,no usable og/meta tags
e05ababf-2775-4575-8e1a-375b9247a6d0,Women & Children First,Chicago,https://www.womenandchildrenfirst.com,hit,true,false,
25589022-cf18-41cf-9e5a-1e50d19a6e90,The Space Las Vegas,Las Vegas,https://thespacelv.com,hit,true,true,
c29e630d-dc85-482a-8e76-12ddc3e3800d,Monument City Brewing,Baltimore,https://monumentcitybrewing.com,miss,false,false,no usable og/meta tags
615fae3a-e0f0-41a4-97a8-5e38e02c5598,The Den Theatre,Chicago,https://thedentheatre.com,hit,true,true,
fe1bc7a0-3ae1-47d0-9f80-2de06c6ba73c,The Booksmith,San Francisco,https://www.booksmith.com/,hit,true,false,
e0870569-7a6e-4e9e-a247-9a1185f41cbd,Fountain Square,Cincinnati,https://www.myfountainsquare.com/,hit,true,true,
cee0c0c0-bea5-4ddf-a937-98400f62c0e5,KC Bier Co.,Kansas City,https://kcbier.com/,hit,false,true,
2ac74249-3d90-4e2f-a145-38f09a43b34f,Rainy Day Books,Kansas City,https://rainydaybooks.com/,hit,true,false,
ed0f0fa6-e23d-4d7e-b93e-eee3d497541e,Charis Books & More,Atlanta,https://www.charisbooksandmore.com/,hit,true,true,
989bcdf6-a8ac-4fb3-8450-d3d359b5f134,Little Shop of Stories,Atlanta,https://www.littleshopofstories.com/,hit,true,false,
a4f1677f-4b81-4c57-9e90-af89a4e0cb0f,Eagle Eye Book Shop,Atlanta,https://www.eagleeyebooks.com/,hit,true,true,
880c78e8-f2d8-4e75-b6ff-a265531c6356,Pittsburgh Winery,Pittsburgh,https://pittsburghwinery.com/,hit,true,true,
9e9c36c6-85c4-47fd-88a2-66d1ef1aac18,Alphabet City,Pittsburgh,https://cityofasylum.org/,hit,true,true,
dcf0f78f-bcb6-4655-aa4f-2ec5dc627fd8,Deering Estate,Miami,https://deeringestate.org,hit,true,true,
d1f5eb69-7327-4554-bf52-e021a7b8f345,Broadway Books,Portland,https://www.broadwaybooks.net/,hit,true,false,
7182a583-3018-4973-ba5d-879816ca32fa,Landmark Center,Minneapolis,https://landmarkcenter.org/,hit,true,false,
1ad0e52b-0e22-4e52-8225-4c2501459620,Laughing Skull Lounge,Atlanta,https://laughingskulllounge.com/,hit,true,true,
0ca2cb8a-2ca4-4273-8c3c-d711c6cf6f11,A Novel Idea on Passyunk,Philadelphia,https://www.anovelideaphilly.com,miss,false,false,no usable og/meta tags
945bd7e4-f945-4467-9657-6204cbaa64d4,Whisky A Go Go,Los Angeles,https://www.ticketweb.com/venue/whisky-a-go-go-west-hollywood-ca/209695,hit,true,false,aggregator: image only
83ce0387-51ab-45bb-8894-3a4c79c7e7e4,Kensington Club,San Diego,https://www.kensingtonclub1935.com,hit,false,true,
99e06a81-3591-4dd2-a026-ab2715f09fec,Mr. Roboto Project,Pittsburgh,https://www.therobotoproject.com/,hit,true,true,
ed214bda-c90b-469a-a3af-0642a18f856d,Preserving Underground,Pittsburgh,https://www.preservingconcerts.com/,hit,true,true,
251f8cdd-fb30-465e-bd8d-a7877d4077ba,Roots Bookstore & Market,Miami,https://rootsbookstore.com,miss,false,false,no usable og/meta tags
ee07dd25-891d-4515-bb69-00d7b1f49514,Buntport Theater,Denver,https://buntport.com,hit,true,true,
87a1f32d-a468-4ac0-9e74-5943fc0484a8,Kelly-Strayhorn Theater,Pittsburgh,https://www.kelly-strayhorn.org/,hit,true,false,
50055881-d83e-4769-87a3-4c34449b086d,New Hazlett Theater,Pittsburgh,https://newhazletttheater.org/,hit,true,false,
8c1c15df-dea2-4709-959f-84c241a8b306,Hideout Theatre,Austin,https://www.hideouttheatre.com/,miss,false,false,no usable og/meta tags
4cc2b0e5-bd82-4c4f-9a4f-9f18518ff7fb,Callanwolde Fine Arts Center,Atlanta,https://www.callanwolde.org/,hit,true,true,
a44e29d3-1f9d-489d-830c-b2b9352a04a5,SF Eagle,San Francisco,https://sf-eagle.com/,hit,true,true,
df03bdff-fbd9-46e4-a2bd-647a311e89f8,Dingbatz,New York,https://www.ticketmaster.com/dingbatz-tickets-clifton/venue/339806,miss,false,false,"aggregator page, no usable image"
63875945-a885-47e2-b68c-ffabf0ca63e8,ColdTowne Theater,Austin,https://coldtownetheater.com/,hit,true,true,
33a32b82-a03f-4c06-b6b1-eb1790cdf635,Literary Arts,Portland,https://literary-arts.org/,hit,true,true,
1ba66179-9faf-40e6-a06c-26aeb76ddac5,A Public Fit Theatre Company,Las Vegas,https://apublicfit.org,miss,false,false,fetch failed
e1886ada-fabc-4936-b0a7-4f24f1870ec6,The Vortex,Austin,https://www.vortexrep.org/,hit,true,true,
298e6515-f7cc-4d9b-8942-ebcb1c4137b5,Emma S. Barrientos Mexican American Cultural Center,Austin,https://www.austintexas.gov/macc,hit,false,true,
2644a332-a1da-45fc-9fa9-00c93ba6a1ae,George Washington Carver Museum and Cultural Center,Austin,https://www.austintexas.gov/carvermuseum,miss,false,false,fetch failed
e78d3807-1bf8-4a9b-a133-f8350f33f253,Parker Jazz Club,Austin,https://www.parkerjazzclub.com/,hit,true,false,
9a14b707-e497-44c8-91b2-833f1156fb97,Northside Tavern,Cincinnati,https://northsidetav.com/,hit,true,true,
451821ba-77ca-497e-bbd3-2f88335718d6,C-Boy's Heart & Soul,Austin,https://www.cboys.com/,hit,true,true,
492b98cd-ee6f-4382-a146-2d13f074c440,Rose City Book Pub,Portland,https://www.rosecitybookpub.com/,hit,true,false,
9221dbaf-e0f5-40e9-b99f-2b0c5df75a54,Williams Center - CUG Cantina - Rutherford,New York,https://www.ticketweb.com/venue/williams-center--cug-cantina--rutherford-rutherford-nj/737573,hit,true,false,aggregator: image only
dd3082cd-3b48-4db1-a68f-40fd672c86ca,Poets House,New York,https://poetshouse.org/,miss,false,false,fetch failed
289329e0-7dbc-4393-ac0f-b0c0bfc23058,Japp's Since 1879,Cincinnati,https://www.jappsotr.com/,hit,true,false,
2e97fbe1-ef01-4284-bad0-0ebcb712d900,The Brick,Kansas City,https://thebrickkc.com/,hit,true,false,
461f8fb7-d980-4862-a054-88917a76646c,Improv Cincinnati,Cincinnati,https://www.improvcincinnati.com/,hit,false,true,
821ab699-f40e-4491-9201-a0dedc625ed8,Vox Populi,Philadelphia,https://www.voxpopuligallery.org,hit,true,false,
556c3c02-e0b9-4ac6-8e70-c90f9bef7976,Corduroy,Las Vegas,http://corduroylv.com,miss,false,false,no usable og/meta tags
385eb765-43f9-43c2-b731-56abef722c9f,The Kessler Theater,Dallas,https://www.thekessler.org,miss,false,false,fetch failed
dd73c1a1-f7f8-4169-a575-8f1b68c805fb,Dan's Silverleaf,Dallas,http://danssilverleaf.com,hit,true,true,
93167529-86ee-4049-a104-4fa9b5a9721f,Trees,Dallas,https://treesdallas.com,miss,false,false,no usable og/meta tags
6ee92a20-1683-4e20-97bf-14ce9c14a03f,Ted's Taproom,Kansas City,https://tedstaproom.com/,hit,true,false,
0a6e5a12-b4cb-4a61-ba02-e31c80fddbea,Callsign Brewing,Kansas City,https://www.callsignbrewing.com/,hit,true,true,
d37387fe-3805-4d9c-b67e-aaeb2f6160a0,Fibonacci Brewing Company,Cincinnati,https://fibbrew.com/,hit,true,true,
b1ad8685-39c6-471d-9b7d-9f2ac5fc57db,Bishop Arts Theatre Center,Dallas,https://bishopartstheatre.org,hit,true,true,
d8f7f94c-2b96-436c-aa30-8ed31b77bd21,Cannonball Creek Brewing,Denver,https://www.cannonballcreekbrewing.com,hit,true,true,
b1c448ac-eb0a-428b-8430-1d001691af82,Talea Beer Co,New York,https://www.taleabeer.com/,hit,true,true,
d30774d4-8f38-4963-90ba-736eef702bdc,The Wild Detectives,Dallas,https://thewilddetectives.com,miss,false,false,fetch failed
20f0ae7c-1a8d-4d20-ada1-aca54e1aeed0,Hollywood Forever Cemetary,Los Angeles,,miss,false,false,no website url